kode_kabkota,nama_kabkota,week_start_date,cases,population,incidence_per_100k,risk_label
18.01,KAB. LAMPUNG SELATAN,2024-08-19,11,358827,3.066,unsafe
18.01,KAB. LAMPUNG SELATAN,2024-08-26,8,358827,2.229,moderately_safe
18.01,KAB. LAMPUNG SELATAN,2024-09-02,10,358827,2.787,unsafe
18.01,KAB. LAMPUNG SELATAN,2024-09-09,11,358827,3.066,unsafe
18.01,KAB. LAMPUNG SELATAN,2024-09-16,10,358827,2.787,unsafe
18.01,KAB. LAMPUNG SELATAN,2024-09-23,8,358827,2.229,moderately_safe
18.01,KAB. LAMPUNG SELATAN,2024-09-30,19,358827,5.295,unsafe
18.01,KAB. LAMPUNG SELATAN,2024-10-07,13,358827,3.623,unsafe
18.01,KAB. LAMPUNG SELATAN,2024-10-14,11,358827,3.066,unsafe
18.01,KAB. LAMPUNG SELATAN,2024-10-21,18,358827,5.016,unsafe
18.01,KAB. LAMPUNG SELATAN,2024-10-28,15,358827,4.18,unsafe
18.01,KAB. LAMPUNG SELATAN,2024-11-04,9,358827,2.508,unsafe
18.01,KAB. LAMPUNG SELATAN,2024-11-11,13,358827,3.623,unsafe
18.01,KAB. LAMPUNG SELATAN,2024-11-18,16,358827,4.459,unsafe
18.01,KAB. LAMPUNG SELATAN,2024-11-25,14,358827,3.902,unsafe
18.01,KAB. LAMPUNG SELATAN,2024-12-02,10,358827,2.787,unsafe
18.01,KAB. LAMPUNG SELATAN,2024-12-09,9,358827,2.508,unsafe
18.01,KAB. LAMPUNG SELATAN,2024-12-16,13,358827,3.623,unsafe
18.01,KAB. LAMPUNG SELATAN,2024-12-23,12,358827,3.344,unsafe
18.01,KAB. LAMPUNG SELATAN,2024-12-30,15,358827,4.18,unsafe
18.01,KAB. LAMPUNG SELATAN,2025-01-06,12,358827,3.344,unsafe
18.01,KAB. LAMPUNG SELATAN,2025-01-13,13,358827,3.623,unsafe
18.01,KAB. LAMPUNG SELATAN,2025-01-20,13,358827,3.623,unsafe
18.01,KAB. LAMPUNG SELATAN,2025-01-27,10,358827,2.787,unsafe
18.01,KAB. LAMPUNG SELATAN,2025-02-03,10,358827,2.787,unsafe
18.01,KAB. LAMPUNG SELATAN,2025-02-10,12,358827,3.344,unsafe
18.01,KAB. LAMPUNG SELATAN,2025-02-17,8,358827,2.229,moderately_safe
18.01,KAB. LAMPUNG SELATAN,2025-02-24,10,358827,2.787,unsafe
18.01,KAB. LAMPUNG SELATAN,2025-03-03,13,358827,3.623,unsafe
18.01,KAB. LAMPUNG SELATAN,2025-03-10,5,358827,1.393,moderately_safe
18.01,KAB. LAMPUNG SELATAN,2025-03-17,8,358827,2.229,moderately_safe
18.01,KAB. LAMPUNG SELATAN,2025-03-24,3,358827,0.836,moderately_safe
18.01,KAB. LAMPUNG SELATAN,2025-03-31,4,358827,1.115,moderately_safe
18.01,KAB. LAMPUNG SELATAN,2025-04-07,3,358827,0.836,moderately_safe
18.01,KAB. LAMPUNG SELATAN,2025-04-14,6,358827,1.672,moderately_safe
18.01,KAB. LAMPUNG SELATAN,2025-04-21,3,358827,0.836,moderately_safe
18.01,KAB. LAMPUNG SELATAN,2025-04-28,7,358827,1.951,moderately_safe
18.01,KAB. LAMPUNG SELATAN,2025-05-05,5,358827,1.393,moderately_safe
18.01,KAB. LAMPUNG SELATAN,2025-05-12,9,358827,2.508,unsafe
18.01,KAB. LAMPUNG SELATAN,2025-05-19,3,358827,0.836,moderately_safe
18.01,KAB. LAMPUNG SELATAN,2025-05-26,6,358827,1.672,moderately_safe
18.01,KAB. LAMPUNG SELATAN,2025-06-02,6,358827,1.672,moderately_safe
18.01,KAB. LAMPUNG SELATAN,2025-06-09,5,358827,1.393,moderately_safe
18.01,KAB. LAMPUNG SELATAN,2025-06-16,3,358827,0.836,moderately_safe
18.01,KAB. LAMPUNG SELATAN,2025-06-23,13,358827,3.623,unsafe
18.01,KAB. LAMPUNG SELATAN,2025-06-30,3,358827,0.836,moderately_safe
18.01,KAB. LAMPUNG SELATAN,2025-07-07,5,358827,1.393,moderately_safe
18.01,KAB. LAMPUNG SELATAN,2025-07-14,2,358827,0.557,safe
18.01,KAB. LAMPUNG SELATAN,2025-07-21,5,358827,1.393,moderately_safe
18.01,KAB. LAMPUNG SELATAN,2025-07-28,6,358827,1.672,moderately_safe
18.01,KAB. LAMPUNG SELATAN,2025-08-04,5,358827,1.393,moderately_safe
18.01,KAB. LAMPUNG SELATAN,2025-08-11,12,358827,3.344,unsafe
18.02,KAB. LAMPUNG TENGAH,2024-08-19,10,2344472,0.427,safe
18.02,KAB. LAMPUNG TENGAH,2024-08-26,11,2344472,0.469,safe
18.02,KAB. LAMPUNG TENGAH,2024-09-02,13,2344472,0.554,safe
18.02,KAB. LAMPUNG TENGAH,2024-09-09,13,2344472,0.554,safe
18.02,KAB. LAMPUNG TENGAH,2024-09-16,19,2344472,0.81,moderately_safe
18.02,KAB. LAMPUNG TENGAH,2024-09-23,9,2344472,0.384,safe
18.02,KAB. LAMPUNG TENGAH,2024-09-30,22,2344472,0.938,moderately_safe
18.02,KAB. LAMPUNG TENGAH,2024-10-07,15,2344472,0.64,safe
18.02,KAB. LAMPUNG TENGAH,2024-10-14,12,2344472,0.512,safe
18.02,KAB. LAMPUNG TENGAH,2024-10-21,14,2344472,0.597,safe
18.02,KAB. LAMPUNG TENGAH,2024-10-28,18,2344472,0.768,moderately_safe
18.02,KAB. LAMPUNG TENGAH,2024-11-04,15,2344472,0.64,safe
18.02,KAB. LAMPUNG TENGAH,2024-11-11,9,2344472,0.384,safe
18.02,KAB. LAMPUNG TENGAH,2024-11-18,20,2344472,0.853,moderately_safe
18.02,KAB. LAMPUNG TENGAH,2024-11-25,16,2344472,0.682,safe
18.02,KAB. LAMPUNG TENGAH,2024-12-02,19,2344472,0.81,moderately_safe
18.02,KAB. LAMPUNG TENGAH,2024-12-09,11,2344472,0.469,safe
18.02,KAB. LAMPUNG TENGAH,2024-12-16,23,2344472,0.981,moderately_safe
18.02,KAB. LAMPUNG TENGAH,2024-12-23,17,2344472,0.725,safe
18.02,KAB. LAMPUNG TENGAH,2024-12-30,15,2344472,0.64,safe
18.02,KAB. LAMPUNG TENGAH,2025-01-06,21,2344472,0.896,moderately_safe
18.02,KAB. LAMPUNG TENGAH,2025-01-13,19,2344472,0.81,moderately_safe
18.02,KAB. LAMPUNG TENGAH,2025-01-20,18,2344472,0.768,moderately_safe
18.02,KAB. LAMPUNG TENGAH,2025-01-27,19,2344472,0.81,moderately_safe
18.02,KAB. LAMPUNG TENGAH,2025-02-03,9,2344472,0.384,safe
18.02,KAB. LAMPUNG TENGAH,2025-02-10,7,2344472,0.299,safe
18.02,KAB. LAMPUNG TENGAH,2025-02-17,17,2344472,0.725,safe
18.02,KAB. LAMPUNG TENGAH,2025-02-24,3,2344472,0.128,safe
18.02,KAB. LAMPUNG TENGAH,2025-03-03,7,2344472,0.299,safe
18.02,KAB. LAMPUNG TENGAH,2025-03-10,7,2344472,0.299,safe
18.02,KAB. LAMPUNG TENGAH,2025-03-17,5,2344472,0.213,safe
18.02,KAB. LAMPUNG TENGAH,2025-03-24,5,2344472,0.213,safe
18.02,KAB. LAMPUNG TENGAH,2025-03-31,10,2344472,0.427,safe
18.02,KAB. LAMPUNG TENGAH,2025-04-07,4,2344472,0.171,safe
18.02,KAB. LAMPUNG TENGAH,2025-04-14,4,2344472,0.171,safe
18.02,KAB. LAMPUNG TENGAH,2025-04-21,1,2344472,0.043,safe
18.02,KAB. LAMPUNG TENGAH,2025-04-28,7,2344472,0.299,safe
18.02,KAB. LAMPUNG TENGAH,2025-05-05,8,2344472,0.341,safe
18.02,KAB. LAMPUNG TENGAH,2025-05-12,5,2344472,0.213,safe
18.02,KAB. LAMPUNG TENGAH,2025-05-19,4,2344472,0.171,safe
18.02,KAB. LAMPUNG TENGAH,2025-05-26,0,2344472,0.0,safe
18.02,KAB. LAMPUNG TENGAH,2025-06-02,2,2344472,0.085,safe
18.02,KAB. LAMPUNG TENGAH,2025-06-09,5,2344472,0.213,safe
18.02,KAB. LAMPUNG TENGAH,2025-06-16,4,2344472,0.171,safe
18.02,KAB. LAMPUNG TENGAH,2025-06-23,8,2344472,0.341,safe
18.02,KAB. LAMPUNG TENGAH,2025-06-30,4,2344472,0.171,safe
18.02,KAB. LAMPUNG TENGAH,2025-07-07,3,2344472,0.128,safe
18.02,KAB. LAMPUNG TENGAH,2025-07-14,6,2344472,0.256,safe
18.02,KAB. LAMPUNG TENGAH,2025-07-21,9,2344472,0.384,safe
18.02,KAB. LAMPUNG TENGAH,2025-07-28,9,2344472,0.384,safe
18.02,KAB. LAMPUNG TENGAH,2025-08-04,7,2344472,0.299,safe
18.02,KAB. LAMPUNG TENGAH,2025-08-11,4,2344472,0.171,safe
18.03,KAB. LAMPUNG UTARA,2024-08-19,10,593817,1.684,moderately_safe
18.03,KAB. LAMPUNG UTARA,2024-08-26,11,593817,1.852,moderately_safe
18.03,KAB. LAMPUNG UTARA,2024-09-02,9,593817,1.516,moderately_safe
18.03,KAB. LAMPUNG UTARA,2024-09-09,8,593817,1.347,moderately_safe
18.03,KAB. LAMPUNG UTARA,2024-09-16,15,593817,2.526,unsafe
18.03,KAB. LAMPUNG UTARA,2024-09-23,8,593817,1.347,moderately_safe
18.03,KAB. LAMPUNG UTARA,2024-09-30,13,593817,2.189,moderately_safe
18.03,KAB. LAMPUNG UTARA,2024-10-07,14,593817,2.358,moderately_safe
18.03,KAB. LAMPUNG UTARA,2024-10-14,14,593817,2.358,moderately_safe
18.03,KAB. LAMPUNG UTARA,2024-10-21,14,593817,2.358,moderately_safe
18.03,KAB. LAMPUNG UTARA,2024-10-28,23,593817,3.873,unsafe
18.03,KAB. LAMPUNG UTARA,2024-11-04,10,593817,1.684,moderately_safe
18.03,KAB. LAMPUNG UTARA,2024-11-11,11,593817,1.852,moderately_safe
18.03,KAB. LAMPUNG UTARA,2024-11-18,15,593817,2.526,unsafe
18.03,KAB. LAMPUNG UTARA,2024-11-25,17,593817,2.863,unsafe
18.03,KAB. LAMPUNG UTARA,2024-12-02,14,593817,2.358,moderately_safe
18.03,KAB. LAMPUNG UTARA,2024-12-09,10,593817,1.684,moderately_safe
18.03,KAB. LAMPUNG UTARA,2024-12-16,14,593817,2.358,moderately_safe
18.03,KAB. LAMPUNG UTARA,2024-12-23,20,593817,3.368,unsafe
18.03,KAB. LAMPUNG UTARA,2024-12-30,18,593817,3.031,unsafe
18.03,KAB. LAMPUNG UTARA,2025-01-06,15,593817,2.526,unsafe
18.03,KAB. LAMPUNG UTARA,2025-01-13,7,593817,1.179,moderately_safe
18.03,KAB. LAMPUNG UTARA,2025-01-20,12,593817,2.021,moderately_safe
18.03,KAB. LAMPUNG UTARA,2025-01-27,16,593817,2.694,unsafe
18.03,KAB. LAMPUNG UTARA,2025-02-03,13,593817,2.189,moderately_safe
18.03,KAB. LAMPUNG UTARA,2025-02-10,7,593817,1.179,moderately_safe
18.03,KAB. LAMPUNG UTARA,2025-02-17,5,593817,0.842,moderately_safe
18.03,KAB. LAMPUNG UTARA,2025-02-24,3,593817,0.505,safe
18.03,KAB. LAMPUNG UTARA,2025-03-03,5,593817,0.842,moderately_safe
18.03,KAB. LAMPUNG UTARA,2025-03-10,2,593817,0.337,safe
18.03,KAB. LAMPUNG UTARA,2025-03-17,0,593817,0.0,safe
18.03,KAB. LAMPUNG UTARA,2025-03-24,7,593817,1.179,moderately_safe
18.03,KAB. LAMPUNG UTARA,2025-03-31,4,593817,0.674,safe
18.03,KAB. LAMPUNG UTARA,2025-04-07,2,593817,0.337,safe
18.03,KAB. LAMPUNG UTARA,2025-04-14,2,593817,0.337,safe
18.03,KAB. LAMPUNG UTARA,2025-04-21,6,593817,1.01,moderately_safe
18.03,KAB. LAMPUNG UTARA,2025-04-28,11,593817,1.852,moderately_safe
18.03,KAB. LAMPUNG UTARA,2025-05-05,4,593817,0.674,safe
18.03,KAB. LAMPUNG UTARA,2025-05-12,2,593817,0.337,safe
18.03,KAB. LAMPUNG UTARA,2025-05-19,5,593817,0.842,moderately_safe
18.03,KAB. LAMPUNG UTARA,2025-05-26,4,593817,0.674,safe
18.03,KAB. LAMPUNG UTARA,2025-06-02,7,593817,1.179,moderately_safe
18.03,KAB. LAMPUNG UTARA,2025-06-09,4,593817,0.674,safe
18.03,KAB. LAMPUNG UTARA,2025-06-16,12,593817,2.021,moderately_safe
18.03,KAB. LAMPUNG UTARA,2025-06-23,6,593817,1.01,moderately_safe
18.03,KAB. LAMPUNG UTARA,2025-06-30,9,593817,1.516,moderately_safe
18.03,KAB. LAMPUNG UTARA,2025-07-07,8,593817,1.347,moderately_safe
18.03,KAB. LAMPUNG UTARA,2025-07-14,12,593817,2.021,moderately_safe
18.03,KAB. LAMPUNG UTARA,2025-07-21,10,593817,1.684,moderately_safe
18.03,KAB. LAMPUNG UTARA,2025-07-28,10,593817,1.684,moderately_safe
18.03,KAB. LAMPUNG UTARA,2025-08-04,9,593817,1.516,moderately_safe
18.03,KAB. LAMPUNG UTARA,2025-08-11,6,593817,1.01,moderately_safe
18.04,KAB. LAMPUNG BARAT,2024-08-19,9,2138797,0.421,safe
18.04,KAB. LAMPUNG BARAT,2024-08-26,9,2138797,0.421,safe
18.04,KAB. LAMPUNG BARAT,2024-09-02,5,2138797,0.234,safe
18.04,KAB. LAMPUNG BARAT,2024-09-09,15,2138797,0.701,safe
18.04,KAB. LAMPUNG BARAT,2024-09-16,12,2138797,0.561,safe
18.04,KAB. LAMPUNG BARAT,2024-09-23,16,2138797,0.748,safe
18.04,KAB. LAMPUNG BARAT,2024-09-30,7,2138797,0.327,safe
18.04,KAB. LAMPUNG BARAT,2024-10-07,8,2138797,0.374,safe
18.04,KAB. LAMPUNG BARAT,2024-10-14,12,2138797,0.561,safe
18.04,KAB. LAMPUNG BARAT,2024-10-21,22,2138797,1.029,moderately_safe
18.04,KAB. LAMPUNG BARAT,2024-10-28,12,2138797,0.561,safe
18.04,KAB. LAMPUNG BARAT,2024-11-04,18,2138797,0.842,moderately_safe
18.04,KAB. LAMPUNG BARAT,2024-11-11,19,2138797,0.888,moderately_safe
18.04,KAB. LAMPUNG BARAT,2024-11-18,9,2138797,0.421,safe
18.04,KAB. LAMPUNG BARAT,2024-11-25,11,2138797,0.514,safe
18.04,KAB. LAMPUNG BARAT,2024-12-02,10,2138797,0.468,safe
18.04,KAB. LAMPUNG BARAT,2024-12-09,23,2138797,1.075,moderately_safe
18.04,KAB. LAMPUNG BARAT,2024-12-16,15,2138797,0.701,safe
18.04,KAB. LAMPUNG BARAT,2024-12-23,17,2138797,0.795,moderately_safe
18.04,KAB. LAMPUNG BARAT,2024-12-30,9,2138797,0.421,safe
18.04,KAB. LAMPUNG BARAT,2025-01-06,20,2138797,0.935,moderately_safe
18.04,KAB. LAMPUNG BARAT,2025-01-13,16,2138797,0.748,safe
18.04,KAB. LAMPUNG BARAT,2025-01-20,12,2138797,0.561,safe
18.04,KAB. LAMPUNG BARAT,2025-01-27,5,2138797,0.234,safe
18.04,KAB. LAMPUNG BARAT,2025-02-03,7,2138797,0.327,safe
18.04,KAB. LAMPUNG BARAT,2025-02-10,17,2138797,0.795,moderately_safe
18.04,KAB. LAMPUNG BARAT,2025-02-17,9,2138797,0.421,safe
18.04,KAB. LAMPUNG BARAT,2025-02-24,13,2138797,0.608,safe
18.04,KAB. LAMPUNG BARAT,2025-03-03,12,2138797,0.561,safe
18.04,KAB. LAMPUNG BARAT,2025-03-10,6,2138797,0.281,safe
18.04,KAB. LAMPUNG BARAT,2025-03-17,5,2138797,0.234,safe
18.04,KAB. LAMPUNG BARAT,2025-03-24,8,2138797,0.374,safe
18.04,KAB. LAMPUNG BARAT,2025-03-31,6,2138797,0.281,safe
18.04,KAB. LAMPUNG BARAT,2025-04-07,9,2138797,0.421,safe
18.04,KAB. LAMPUNG BARAT,2025-04-14,10,2138797,0.468,safe
18.04,KAB. LAMPUNG BARAT,2025-04-21,6,2138797,0.281,safe
18.04,KAB. LAMPUNG BARAT,2025-04-28,4,2138797,0.187,safe
18.04,KAB. LAMPUNG BARAT,2025-05-05,4,2138797,0.187,safe
18.04,KAB. LAMPUNG BARAT,2025-05-12,2,2138797,0.094,safe
18.04,KAB. LAMPUNG BARAT,2025-05-19,5,2138797,0.234,safe
18.04,KAB. LAMPUNG BARAT,2025-05-26,7,2138797,0.327,safe
18.04,KAB. LAMPUNG BARAT,2025-06-02,5,2138797,0.234,safe
18.04,KAB. LAMPUNG BARAT,2025-06-09,6,2138797,0.281,safe
18.04,KAB. LAMPUNG BARAT,2025-06-16,3,2138797,0.14,safe
18.04,KAB. LAMPUNG BARAT,2025-06-23,2,2138797,0.094,safe
18.04,KAB. LAMPUNG BARAT,2025-06-30,5,2138797,0.234,safe
18.04,KAB. LAMPUNG BARAT,2025-07-07,8,2138797,0.374,safe
18.04,KAB. LAMPUNG BARAT,2025-07-14,6,2138797,0.281,safe
18.04,KAB. LAMPUNG BARAT,2025-07-21,8,2138797,0.374,safe
18.04,KAB. LAMPUNG BARAT,2025-07-28,11,2138797,0.514,safe
18.04,KAB. LAMPUNG BARAT,2025-08-04,10,2138797,0.468,safe
18.04,KAB. LAMPUNG BARAT,2025-08-11,13,2138797,0.608,safe
18.05,KAB. TULANG BAWANG,2024-08-19,8,1150738,0.695,safe
18.05,KAB. TULANG BAWANG,2024-08-26,11,1150738,0.956,moderately_safe
18.05,KAB. TULANG BAWANG,2024-09-02,8,1150738,0.695,safe
18.05,KAB. TULANG BAWANG,2024-09-09,7,1150738,0.608,safe
18.05,KAB. TULANG BAWANG,2024-09-16,9,1150738,0.782,moderately_safe
18.05,KAB. TULANG BAWANG,2024-09-23,10,1150738,0.869,moderately_safe
18.05,KAB. TULANG BAWANG,2024-09-30,22,1150738,1.912,moderately_safe
18.05,KAB. TULANG BAWANG,2024-10-07,6,1150738,0.521,safe
18.05,KAB. TULANG BAWANG,2024-10-14,15,1150738,1.304,moderately_safe
18.05,KAB. TULANG BAWANG,2024-10-21,14,1150738,1.217,moderately_safe
18.05,KAB. TULANG BAWANG,2024-10-28,20,1150738,1.738,moderately_safe
18.05,KAB. TULANG BAWANG,2024-11-04,13,1150738,1.13,moderately_safe
18.05,KAB. TULANG BAWANG,2024-11-11,9,1150738,0.782,moderately_safe
18.05,KAB. TULANG BAWANG,2024-11-18,8,1150738,0.695,safe
18.05,KAB. TULANG BAWANG,2024-11-25,17,1150738,1.477,moderately_safe
18.05,KAB. TULANG BAWANG,2024-12-02,13,1150738,1.13,moderately_safe
18.05,KAB. TULANG BAWANG,2024-12-09,21,1150738,1.825,moderately_safe
18.05,KAB. TULANG BAWANG,2024-12-16,11,1150738,0.956,moderately_safe
18.05,KAB. TULANG BAWANG,2024-12-23,14,1150738,1.217,moderately_safe
18.05,KAB. TULANG BAWANG,2024-12-30,11,1150738,0.956,moderately_safe
18.05,KAB. TULANG BAWANG,2025-01-06,12,1150738,1.043,moderately_safe
18.05,KAB. TULANG BAWANG,2025-01-13,10,1150738,0.869,moderately_safe
18.05,KAB. TULANG BAWANG,2025-01-20,19,1150738,1.651,moderately_safe
18.05,KAB. TULANG BAWANG,2025-01-27,12,1150738,1.043,moderately_safe
18.05,KAB. TULANG BAWANG,2025-02-03,4,1150738,0.348,safe
18.05,KAB. TULANG BAWANG,2025-02-10,17,1150738,1.477,moderately_safe
18.05,KAB. TULANG BAWANG,2025-02-17,10,1150738,0.869,moderately_safe
18.05,KAB. TULANG BAWANG,2025-02-24,14,1150738,1.217,moderately_safe
18.05,KAB. TULANG BAWANG,2025-03-03,12,1150738,1.043,moderately_safe
18.05,KAB. TULANG BAWANG,2025-03-10,9,1150738,0.782,moderately_safe
18.05,KAB. TULANG BAWANG,2025-03-17,11,1150738,0.956,moderately_safe
18.05,KAB. TULANG BAWANG,2025-03-24,4,1150738,0.348,safe
18.05,KAB. TULANG BAWANG,2025-03-31,4,1150738,0.348,safe
18.05,KAB. TULANG BAWANG,2025-04-07,9,1150738,0.782,moderately_safe
18.05,KAB. TULANG BAWANG,2025-04-14,5,1150738,0.435,safe
18.05,KAB. TULANG BAWANG,2025-04-21,3,1150738,0.261,safe
18.05,KAB. TULANG BAWANG,2025-04-28,9,1150738,0.782,moderately_safe
18.05,KAB. TULANG BAWANG,2025-05-05,10,1150738,0.869,moderately_safe
18.05,KAB. TULANG BAWANG,2025-05-12,8,1150738,0.695,safe
18.05,KAB. TULANG BAWANG,2025-05-19,4,1150738,0.348,safe
18.05,KAB. TULANG BAWANG,2025-05-26,7,1150738,0.608,safe
18.05,KAB. TULANG BAWANG,2025-06-02,2,1150738,0.174,safe
18.05,KAB. TULANG BAWANG,2025-06-09,8,1150738,0.695,safe
18.05,KAB. TULANG BAWANG,2025-06-16,9,1150738,0.782,moderately_safe
18.05,KAB. TULANG BAWANG,2025-06-23,5,1150738,0.435,safe
18.05,KAB. TULANG BAWANG,2025-06-30,6,1150738,0.521,safe
18.05,KAB. TULANG BAWANG,2025-07-07,6,1150738,0.521,safe
18.05,KAB. TULANG BAWANG,2025-07-14,5,1150738,0.435,safe
18.05,KAB. TULANG BAWANG,2025-07-21,16,1150738,1.39,moderately_safe
18.05,KAB. TULANG BAWANG,2025-07-28,5,1150738,0.435,safe
18.05,KAB. TULANG BAWANG,2025-08-04,21,1150738,1.825,moderately_safe
18.05,KAB. TULANG BAWANG,2025-08-11,10,1150738,0.869,moderately_safe
18.06,KAB. TANGGAMUS,2024-08-19,7,103095,6.79,unsafe
18.06,KAB. TANGGAMUS,2024-08-26,6,103095,5.82,unsafe
18.06,KAB. TANGGAMUS,2024-09-02,10,103095,9.7,unsafe
18.06,KAB. TANGGAMUS,2024-09-09,10,103095,9.7,unsafe
18.06,KAB. TANGGAMUS,2024-09-16,12,103095,11.64,unsafe
18.06,KAB. TANGGAMUS,2024-09-23,13,103095,12.61,unsafe
18.06,KAB. TANGGAMUS,2024-09-30,13,103095,12.61,unsafe
18.06,KAB. TANGGAMUS,2024-10-07,12,103095,11.64,unsafe
18.06,KAB. TANGGAMUS,2024-10-14,11,103095,10.67,unsafe
18.06,KAB. TANGGAMUS,2024-10-21,21,103095,20.37,unsafe
18.06,KAB. TANGGAMUS,2024-10-28,14,103095,13.58,unsafe
18.06,KAB. TANGGAMUS,2024-11-04,21,103095,20.37,unsafe
18.06,KAB. TANGGAMUS,2024-11-11,9,103095,8.73,unsafe
18.06,KAB. TANGGAMUS,2024-11-18,10,103095,9.7,unsafe
18.06,KAB. TANGGAMUS,2024-11-25,10,103095,9.7,unsafe
18.06,KAB. TANGGAMUS,2024-12-02,9,103095,8.73,unsafe
18.06,KAB. TANGGAMUS,2024-12-09,14,103095,13.58,unsafe
18.06,KAB. TANGGAMUS,2024-12-16,9,103095,8.73,unsafe
18.06,KAB. TANGGAMUS,2024-12-23,9,103095,8.73,unsafe
18.06,KAB. TANGGAMUS,2024-12-30,9,103095,8.73,unsafe
18.06,KAB. TANGGAMUS,2025-01-06,10,103095,9.7,unsafe
18.06,KAB. TANGGAMUS,2025-01-13,11,103095,10.67,unsafe
18.06,KAB. TANGGAMUS,2025-01-20,12,103095,11.64,unsafe
18.06,KAB. TANGGAMUS,2025-01-27,9,103095,8.73,unsafe
18.06,KAB. TANGGAMUS,2025-02-03,6,103095,5.82,unsafe
18.06,KAB. TANGGAMUS,2025-02-10,8,103095,7.76,unsafe
18.06,KAB. TANGGAMUS,2025-02-17,17,103095,16.49,unsafe
18.06,KAB. TANGGAMUS,2025-02-24,20,103095,19.4,unsafe
18.06,KAB. TANGGAMUS,2025-03-03,8,103095,7.76,unsafe
18.06,KAB. TANGGAMUS,2025-03-10,8,103095,7.76,unsafe
18.06,KAB. TANGGAMUS,2025-03-17,11,103095,10.67,unsafe
18.06,KAB. TANGGAMUS,2025-03-24,6,103095,5.82,unsafe
18.06,KAB. TANGGAMUS,2025-03-31,12,103095,11.64,unsafe
18.06,KAB. TANGGAMUS,2025-04-07,12,103095,11.64,unsafe
18.06,KAB. TANGGAMUS,2025-04-14,3,103095,2.91,unsafe
18.06,KAB. TANGGAMUS,2025-04-21,4,103095,3.88,unsafe
18.06,KAB. TANGGAMUS,2025-04-28,4,103095,3.88,unsafe
18.06,KAB. TANGGAMUS,2025-05-05,2,103095,1.94,moderately_safe
18.06,KAB. TANGGAMUS,2025-05-12,5,103095,4.85,unsafe
18.06,KAB. TANGGAMUS,2025-05-19,7,103095,6.79,unsafe
18.06,KAB. TANGGAMUS,2025-05-26,2,103095,1.94,moderately_safe
18.06,KAB. TANGGAMUS,2025-06-02,3,103095,2.91,unsafe
18.06,KAB. TANGGAMUS,2025-06-09,10,103095,9.7,unsafe
18.06,KAB. TANGGAMUS,2025-06-16,5,103095,4.85,unsafe
18.06,KAB. TANGGAMUS,2025-06-23,7,103095,6.79,unsafe
18.06,KAB. TANGGAMUS,2025-06-30,5,103095,4.85,unsafe
18.06,KAB. TANGGAMUS,2025-07-07,4,103095,3.88,unsafe
18.06,KAB. TANGGAMUS,2025-07-14,5,103095,4.85,unsafe
18.06,KAB. TANGGAMUS,2025-07-21,10,103095,9.7,unsafe
18.06,KAB. TANGGAMUS,2025-07-28,6,103095,5.82,unsafe
18.06,KAB. TANGGAMUS,2025-08-04,7,103095,6.79,unsafe
18.06,KAB. TANGGAMUS,2025-08-11,12,103095,11.64,unsafe
18.07,KAB. LAMPUNG TIMUR,2024-08-19,17,2078437,0.818,moderately_safe
18.07,KAB. LAMPUNG TIMUR,2024-08-26,12,2078437,0.577,safe
18.07,KAB. LAMPUNG TIMUR,2024-09-02,13,2078437,0.625,safe
18.07,KAB. LAMPUNG TIMUR,2024-09-09,6,2078437,0.289,safe
18.07,KAB. LAMPUNG TIMUR,2024-09-16,6,2078437,0.289,safe
18.07,KAB. LAMPUNG TIMUR,2024-09-23,11,2078437,0.529,safe
18.07,KAB. LAMPUNG TIMUR,2024-09-30,15,2078437,0.722,safe
18.07,KAB. LAMPUNG TIMUR,2024-10-07,11,2078437,0.529,safe
18.07,KAB. LAMPUNG TIMUR,2024-10-14,15,2078437,0.722,safe
18.07,KAB. LAMPUNG TIMUR,2024-10-21,22,2078437,1.058,moderately_safe
18.07,KAB. LAMPUNG TIMUR,2024-10-28,20,2078437,0.962,moderately_safe
18.07,KAB. LAMPUNG TIMUR,2024-11-04,11,2078437,0.529,safe
18.07,KAB. LAMPUNG TIMUR,2024-11-11,14,2078437,0.674,safe
18.07,KAB. LAMPUNG TIMUR,2024-11-18,17,2078437,0.818,moderately_safe
18.07,KAB. LAMPUNG TIMUR,2024-11-25,15,2078437,0.722,safe
18.07,KAB. LAMPUNG TIMUR,2024-12-02,14,2078437,0.674,safe
18.07,KAB. LAMPUNG TIMUR,2024-12-09,15,2078437,0.722,safe
18.07,KAB. LAMPUNG TIMUR,2024-12-16,14,2078437,0.674,safe
18.07,KAB. LAMPUNG TIMUR,2024-12-23,10,2078437,0.481,safe
18.07,KAB. LAMPUNG TIMUR,2024-12-30,21,2078437,1.01,moderately_safe
18.07,KAB. LAMPUNG TIMUR,2025-01-06,23,2078437,1.107,moderately_safe
18.07,KAB. LAMPUNG TIMUR,2025-01-13,14,2078437,0.674,safe
18.07,KAB. LAMPUNG TIMUR,2025-01-20,12,2078437,0.577,safe
18.07,KAB. LAMPUNG TIMUR,2025-01-27,10,2078437,0.481,safe
18.07,KAB. LAMPUNG TIMUR,2025-02-03,17,2078437,0.818,moderately_safe
18.07,KAB. LAMPUNG TIMUR,2025-02-10,10,2078437,0.481,safe
18.07,KAB. LAMPUNG TIMUR,2025-02-17,9,2078437,0.433,safe
18.07,KAB. LAMPUNG TIMUR,2025-02-24,5,2078437,0.241,safe
18.07,KAB. LAMPUNG TIMUR,2025-03-03,4,2078437,0.192,safe
18.07,KAB. LAMPUNG TIMUR,2025-03-10,5,2078437,0.241,safe
18.07,KAB. LAMPUNG TIMUR,2025-03-17,7,2078437,0.337,safe
18.07,KAB. LAMPUNG TIMUR,2025-03-24,5,2078437,0.241,safe
18.07,KAB. LAMPUNG TIMUR,2025-03-31,9,2078437,0.433,safe
18.07,KAB. LAMPUNG TIMUR,2025-04-07,1,2078437,0.048,safe
18.07,KAB. LAMPUNG TIMUR,2025-04-14,5,2078437,0.241,safe
18.07,KAB. LAMPUNG TIMUR,2025-04-21,6,2078437,0.289,safe
18.07,KAB. LAMPUNG TIMUR,2025-04-28,7,2078437,0.337,safe
18.07,KAB. LAMPUNG TIMUR,2025-05-05,4,2078437,0.192,safe
18.07,KAB. LAMPUNG TIMUR,2025-05-12,2,2078437,0.096,safe
18.07,KAB. LAMPUNG TIMUR,2025-05-19,8,2078437,0.385,safe
18.07,KAB. LAMPUNG TIMUR,2025-05-26,10,2078437,0.481,safe
18.07,KAB. LAMPUNG TIMUR,2025-06-02,3,2078437,0.144,safe
18.07,KAB. LAMPUNG TIMUR,2025-06-09,2,2078437,0.096,safe
18.07,KAB. LAMPUNG TIMUR,2025-06-16,1,2078437,0.048,safe
18.07,KAB. LAMPUNG TIMUR,2025-06-23,4,2078437,0.192,safe
18.07,KAB. LAMPUNG TIMUR,2025-06-30,7,2078437,0.337,safe
18.07,KAB. LAMPUNG TIMUR,2025-07-07,11,2078437,0.529,safe
18.07,KAB. LAMPUNG TIMUR,2025-07-14,5,2078437,0.241,safe
18.07,KAB. LAMPUNG TIMUR,2025-07-21,7,2078437,0.337,safe
18.07,KAB. LAMPUNG TIMUR,2025-07-28,8,2078437,0.385,safe
18.07,KAB. LAMPUNG TIMUR,2025-08-04,13,2078437,0.625,safe
18.07,KAB. LAMPUNG TIMUR,2025-08-11,12,2078437,0.577,safe
18.08,KAB. WAY KANAN,2024-08-19,8,862326,0.928,moderately_safe
18.08,KAB. WAY KANAN,2024-08-26,12,862326,1.392,moderately_safe
18.08,KAB. WAY KANAN,2024-09-02,8,862326,0.928,moderately_safe
18.08,KAB. WAY KANAN,2024-09-09,9,862326,1.044,moderately_safe
18.08,KAB. WAY KANAN,2024-09-16,15,862326,1.739,moderately_safe
18.08,KAB. WAY KANAN,2024-09-23,9,862326,1.044,moderately_safe
18.08,KAB. WAY KANAN,2024-09-30,18,862326,2.087,moderately_safe
18.08,KAB. WAY KANAN,2024-10-07,10,862326,1.16,moderately_safe
18.08,KAB. WAY KANAN,2024-10-14,11,862326,1.276,moderately_safe
18.08,KAB. WAY KANAN,2024-10-21,13,862326,1.508,moderately_safe
18.08,KAB. WAY KANAN,2024-10-28,17,862326,1.971,moderately_safe
18.08,KAB. WAY KANAN,2024-11-04,27,862326,3.131,unsafe
18.08,KAB. WAY KANAN,2024-11-11,18,862326,2.087,moderately_safe
18.08,KAB. WAY KANAN,2024-11-18,14,862326,1.624,moderately_safe
18.08,KAB. WAY KANAN,2024-11-25,13,862326,1.508,moderately_safe
18.08,KAB. WAY KANAN,2024-12-02,13,862326,1.508,moderately_safe
18.08,KAB. WAY KANAN,2024-12-09,17,862326,1.971,moderately_safe
18.08,KAB. WAY KANAN,2024-12-16,10,862326,1.16,moderately_safe
18.08,KAB. WAY KANAN,2024-12-23,7,862326,0.812,moderately_safe
18.08,KAB. WAY KANAN,2024-12-30,10,862326,1.16,moderately_safe
18.08,KAB. WAY KANAN,2025-01-06,18,862326,2.087,moderately_safe
18.08,KAB. WAY KANAN,2025-01-13,12,862326,1.392,moderately_safe
18.08,KAB. WAY KANAN,2025-01-20,5,862326,0.58,safe
18.08,KAB. WAY KANAN,2025-01-27,8,862326,0.928,moderately_safe
18.08,KAB. WAY KANAN,2025-02-03,9,862326,1.044,moderately_safe
18.08,KAB. WAY KANAN,2025-02-10,15,862326,1.739,moderately_safe
18.08,KAB. WAY KANAN,2025-02-17,3,862326,0.348,safe
18.08,KAB. WAY KANAN,2025-02-24,12,862326,1.392,moderately_safe
18.08,KAB. WAY KANAN,2025-03-03,5,862326,0.58,safe
18.08,KAB. WAY KANAN,2025-03-10,13,862326,1.508,moderately_safe
18.08,KAB. WAY KANAN,2025-03-17,14,862326,1.624,moderately_safe
18.08,KAB. WAY KANAN,2025-03-24,6,862326,0.696,safe
18.08,KAB. WAY KANAN,2025-03-31,8,862326,0.928,moderately_safe
18.08,KAB. WAY KANAN,2025-04-07,6,862326,0.696,safe
18.08,KAB. WAY KANAN,2025-04-14,7,862326,0.812,moderately_safe
18.08,KAB. WAY KANAN,2025-04-21,4,862326,0.464,safe
18.08,KAB. WAY KANAN,2025-04-28,6,862326,0.696,safe
18.08,KAB. WAY KANAN,2025-05-05,14,862326,1.624,moderately_safe
18.08,KAB. WAY KANAN,2025-05-12,5,862326,0.58,safe
18.08,KAB. WAY KANAN,2025-05-19,2,862326,0.232,safe
18.08,KAB. WAY KANAN,2025-05-26,4,862326,0.464,safe
18.08,KAB. WAY KANAN,2025-06-02,8,862326,0.928,moderately_safe
18.08,KAB. WAY KANAN,2025-06-09,8,862326,0.928,moderately_safe
18.08,KAB. WAY KANAN,2025-06-16,9,862326,1.044,moderately_safe
18.08,KAB. WAY KANAN,2025-06-23,8,862326,0.928,moderately_safe
18.08,KAB. WAY KANAN,2025-06-30,6,862326,0.696,safe
18.08,KAB. WAY KANAN,2025-07-07,5,862326,0.58,safe
18.08,KAB. WAY KANAN,2025-07-14,12,862326,1.392,moderately_safe
18.08,KAB. WAY KANAN,2025-07-21,8,862326,0.928,moderately_safe
18.08,KAB. WAY KANAN,2025-07-28,5,862326,0.58,safe
18.08,KAB. WAY KANAN,2025-08-04,5,862326,0.58,safe
18.08,KAB. WAY KANAN,2025-08-11,11,862326,1.276,moderately_safe
18.09,KAB. PESAWARAN,2024-08-19,12,946255,1.268,moderately_safe
18.09,KAB. PESAWARAN,2024-08-26,10,946255,1.057,moderately_safe
18.09,KAB. PESAWARAN,2024-09-02,11,946255,1.162,moderately_safe
18.09,KAB. PESAWARAN,2024-09-09,22,946255,2.325,moderately_safe
18.09,KAB. PESAWARAN,2024-09-16,11,946255,1.162,moderately_safe
18.09,KAB. PESAWARAN,2024-09-23,14,946255,1.48,moderately_safe
18.09,KAB. PESAWARAN,2024-09-30,11,946255,1.162,moderately_safe
18.09,KAB. PESAWARAN,2024-10-07,16,946255,1.691,moderately_safe
18.09,KAB. PESAWARAN,2024-10-14,17,946255,1.797,moderately_safe
18.09,KAB. PESAWARAN,2024-10-21,5,946255,0.528,safe
18.09,KAB. PESAWARAN,2024-10-28,16,946255,1.691,moderately_safe
18.09,KAB. PESAWARAN,2024-11-04,18,946255,1.902,moderately_safe
18.09,KAB. PESAWARAN,2024-11-11,19,946255,2.008,moderately_safe
18.09,KAB. PESAWARAN,2024-11-18,9,946255,0.951,moderately_safe
18.09,KAB. PESAWARAN,2024-11-25,14,946255,1.48,moderately_safe
18.09,KAB. PESAWARAN,2024-12-02,13,946255,1.374,moderately_safe
18.09,KAB. PESAWARAN,2024-12-09,21,946255,2.219,moderately_safe
18.09,KAB. PESAWARAN,2024-12-16,23,946255,2.431,moderately_safe
18.09,KAB. PESAWARAN,2024-12-23,14,946255,1.48,moderately_safe
18.09,KAB. PESAWARAN,2024-12-30,18,946255,1.902,moderately_safe
18.09,KAB. PESAWARAN,2025-01-06,14,946255,1.48,moderately_safe
18.09,KAB. PESAWARAN,2025-01-13,12,946255,1.268,moderately_safe
18.09,KAB. PESAWARAN,2025-01-20,11,946255,1.162,moderately_safe
18.09,KAB. PESAWARAN,2025-01-27,11,946255,1.162,moderately_safe
18.09,KAB. PESAWARAN,2025-02-03,15,946255,1.585,moderately_safe
18.09,KAB. PESAWARAN,2025-02-10,10,946255,1.057,moderately_safe
18.09,KAB. PESAWARAN,2025-02-17,8,946255,0.845,moderately_safe
18.09,KAB. PESAWARAN,2025-02-24,16,946255,1.691,moderately_safe
18.09,KAB. PESAWARAN,2025-03-03,12,946255,1.268,moderately_safe
18.09,KAB. PESAWARAN,2025-03-10,5,946255,0.528,safe
18.09,KAB. PESAWARAN,2025-03-17,9,946255,0.951,moderately_safe
18.09,KAB. PESAWARAN,2025-03-24,12,946255,1.268,moderately_safe
18.09,KAB. PESAWARAN,2025-03-31,6,946255,0.634,safe
18.09,KAB. PESAWARAN,2025-04-07,11,946255,1.162,moderately_safe
18.09,KAB. PESAWARAN,2025-04-14,9,946255,0.951,moderately_safe
18.09,KAB. PESAWARAN,2025-04-21,5,946255,0.528,safe
18.09,KAB. PESAWARAN,2025-04-28,3,946255,0.317,safe
18.09,KAB. PESAWARAN,2025-05-05,5,946255,0.528,safe
18.09,KAB. PESAWARAN,2025-05-12,1,946255,0.106,safe
18.09,KAB. PESAWARAN,2025-05-19,3,946255,0.317,safe
18.09,KAB. PESAWARAN,2025-05-26,5,946255,0.528,safe
18.09,KAB. PESAWARAN,2025-06-02,4,946255,0.423,safe
18.09,KAB. PESAWARAN,2025-06-09,5,946255,0.528,safe
18.09,KAB. PESAWARAN,2025-06-16,9,946255,0.951,moderately_safe
18.09,KAB. PESAWARAN,2025-06-23,6,946255,0.634,safe
18.09,KAB. PESAWARAN,2025-06-30,3,946255,0.317,safe
18.09,KAB. PESAWARAN,2025-07-07,10,946255,1.057,moderately_safe
18.09,KAB. PESAWARAN,2025-07-14,9,946255,0.951,moderately_safe
18.09,KAB. PESAWARAN,2025-07-21,6,946255,0.634,safe
18.09,KAB. PESAWARAN,2025-07-28,5,946255,0.528,safe
18.09,KAB. PESAWARAN,2025-08-04,8,946255,0.845,moderately_safe
18.09,KAB. PESAWARAN,2025-08-11,14,946255,1.48,moderately_safe
18.1,KAB. PRINGSEWU,2024-08-19,11,2745395,0.401,safe
18.1,KAB. PRINGSEWU,2024-08-26,8,2745395,0.291,safe
18.1,KAB. PRINGSEWU,2024-09-02,10,2745395,0.364,safe
18.1,KAB. PRINGSEWU,2024-09-09,17,2745395,0.619,safe
18.1,KAB. PRINGSEWU,2024-09-16,13,2745395,0.474,safe
18.1,KAB. PRINGSEWU,2024-09-23,8,2745395,0.291,safe
18.1,KAB. PRINGSEWU,2024-09-30,14,2745395,0.51,safe
18.1,KAB. PRINGSEWU,2024-10-07,12,2745395,0.437,safe
18.1,KAB. PRINGSEWU,2024-10-14,8,2745395,0.291,safe
18.1,KAB. PRINGSEWU,2024-10-21,14,2745395,0.51,safe
18.1,KAB. PRINGSEWU,2024-10-28,8,2745395,0.291,safe
18.1,KAB. PRINGSEWU,2024-11-04,17,2745395,0.619,safe
18.1,KAB. PRINGSEWU,2024-11-11,23,2745395,0.838,moderately_safe
18.1,KAB. PRINGSEWU,2024-11-18,16,2745395,0.583,safe
18.1,KAB. PRINGSEWU,2024-11-25,16,2745395,0.583,safe
18.1,KAB. PRINGSEWU,2024-12-02,14,2745395,0.51,safe
18.1,KAB. PRINGSEWU,2024-12-09,18,2745395,0.656,safe
18.1,KAB. PRINGSEWU,2024-12-16,14,2745395,0.51,safe
18.1,KAB. PRINGSEWU,2024-12-23,11,2745395,0.401,safe
18.1,KAB. PRINGSEWU,2024-12-30,12,2745395,0.437,safe
18.1,KAB. PRINGSEWU,2025-01-06,12,2745395,0.437,safe
18.1,KAB. PRINGSEWU,2025-01-13,10,2745395,0.364,safe
18.1,KAB. PRINGSEWU,2025-01-20,8,2745395,0.291,safe
18.1,KAB. PRINGSEWU,2025-01-27,9,2745395,0.328,safe
18.1,KAB. PRINGSEWU,2025-02-03,12,2745395,0.437,safe
18.1,KAB. PRINGSEWU,2025-02-10,21,2745395,0.765,moderately_safe
18.1,KAB. PRINGSEWU,2025-02-17,9,2745395,0.328,safe
18.1,KAB. PRINGSEWU,2025-02-24,9,2745395,0.328,safe
18.1,KAB. PRINGSEWU,2025-03-03,10,2745395,0.364,safe
18.1,KAB. PRINGSEWU,2025-03-10,11,2745395,0.401,safe
18.1,KAB. PRINGSEWU,2025-03-17,3,2745395,0.109,safe
18.1,KAB. PRINGSEWU,2025-03-24,8,2745395,0.291,safe
18.1,KAB. PRINGSEWU,2025-03-31,7,2745395,0.255,safe
18.1,KAB. PRINGSEWU,2025-04-07,8,2745395,0.291,safe
18.1,KAB. PRINGSEWU,2025-04-14,5,2745395,0.182,safe
18.1,KAB. PRINGSEWU,2025-04-21,9,2745395,0.328,safe
18.1,KAB. PRINGSEWU,2025-04-28,12,2745395,0.437,safe
18.1,KAB. PRINGSEWU,2025-05-05,5,2745395,0.182,safe
18.1,KAB. PRINGSEWU,2025-05-12,6,2745395,0.219,safe
18.1,KAB. PRINGSEWU,2025-05-19,2,2745395,0.073,safe
18.1,KAB. PRINGSEWU,2025-05-26,9,2745395,0.328,safe
18.1,KAB. PRINGSEWU,2025-06-02,5,2745395,0.182,safe
18.1,KAB. PRINGSEWU,2025-06-09,6,2745395,0.219,safe
18.1,KAB. PRINGSEWU,2025-06-16,6,2745395,0.219,safe
18.1,KAB. PRINGSEWU,2025-06-23,8,2745395,0.291,safe
18.1,KAB. PRINGSEWU,2025-06-30,4,2745395,0.146,safe
18.1,KAB. PRINGSEWU,2025-07-07,5,2745395,0.182,safe
18.1,KAB. PRINGSEWU,2025-07-14,4,2745395,0.146,safe
18.1,KAB. PRINGSEWU,2025-07-21,9,2745395,0.328,safe
18.1,KAB. PRINGSEWU,2025-07-28,8,2745395,0.291,safe
18.1,KAB. PRINGSEWU,2025-08-04,3,2745395,0.109,safe
18.1,KAB. PRINGSEWU,2025-08-11,10,2745395,0.364,safe
18.11,KAB. MESUJI,2024-08-19,8,1668181,0.48,safe
18.11,KAB. MESUJI,2024-08-26,17,1668181,1.019,moderately_safe
18.11,KAB. MESUJI,2024-09-02,5,1668181,0.3,safe
18.11,KAB. MESUJI,2024-09-09,10,1668181,0.599,safe
18.11,KAB. MESUJI,2024-09-16,13,1668181,0.779,moderately_safe
18.11,KAB. MESUJI,2024-09-23,14,1668181,0.839,moderately_safe
18.11,KAB. MESUJI,2024-09-30,13,1668181,0.779,moderately_safe
18.11,KAB. MESUJI,2024-10-07,7,1668181,0.42,safe
18.11,KAB. MESUJI,2024-10-14,19,1668181,1.139,moderately_safe
18.11,KAB. MESUJI,2024-10-21,13,1668181,0.779,moderately_safe
18.11,KAB. MESUJI,2024-10-28,11,1668181,0.659,safe
18.11,KAB. MESUJI,2024-11-04,20,1668181,1.199,moderately_safe
18.11,KAB. MESUJI,2024-11-11,19,1668181,1.139,moderately_safe
18.11,KAB. MESUJI,2024-11-18,18,1668181,1.079,moderately_safe
18.11,KAB. MESUJI,2024-11-25,8,1668181,0.48,safe
18.11,KAB. MESUJI,2024-12-02,8,1668181,0.48,safe
18.11,KAB. MESUJI,2024-12-09,13,1668181,0.779,moderately_safe
18.11,KAB. MESUJI,2024-12-16,19,1668181,1.139,moderately_safe
18.11,KAB. MESUJI,2024-12-23,11,1668181,0.659,safe
18.11,KAB. MESUJI,2024-12-30,14,1668181,0.839,moderately_safe
18.11,KAB. MESUJI,2025-01-06,14,1668181,0.839,moderately_safe
18.11,KAB. MESUJI,2025-01-13,8,1668181,0.48,safe
18.11,KAB. MESUJI,2025-01-20,5,1668181,0.3,safe
18.11,KAB. MESUJI,2025-01-27,7,1668181,0.42,safe
18.11,KAB. MESUJI,2025-02-03,14,1668181,0.839,moderately_safe
18.11,KAB. MESUJI,2025-02-10,12,1668181,0.719,safe
18.11,KAB. MESUJI,2025-02-17,7,1668181,0.42,safe
18.11,KAB. MESUJI,2025-02-24,8,1668181,0.48,safe
18.11,KAB. MESUJI,2025-03-03,9,1668181,0.54,safe
18.11,KAB. MESUJI,2025-03-10,14,1668181,0.839,moderately_safe
18.11,KAB. MESUJI,2025-03-17,2,1668181,0.12,safe
18.11,KAB. MESUJI,2025-03-24,4,1668181,0.24,safe
18.11,KAB. MESUJI,2025-03-31,8,1668181,0.48,safe
18.11,KAB. MESUJI,2025-04-07,1,1668181,0.06,safe
18.11,KAB. MESUJI,2025-04-14,10,1668181,0.599,safe
18.11,KAB. MESUJI,2025-04-21,5,1668181,0.3,safe
18.11,KAB. MESUJI,2025-04-28,9,1668181,0.54,safe
18.11,KAB. MESUJI,2025-05-05,0,1668181,0.0,safe
18.11,KAB. MESUJI,2025-05-12,9,1668181,0.54,safe
18.11,KAB. MESUJI,2025-05-19,6,1668181,0.36,safe
18.11,KAB. MESUJI,2025-05-26,3,1668181,0.18,safe
18.11,KAB. MESUJI,2025-06-02,10,1668181,0.599,safe
18.11,KAB. MESUJI,2025-06-09,3,1668181,0.18,safe
18.11,KAB. MESUJI,2025-06-16,2,1668181,0.12,safe
18.11,KAB. MESUJI,2025-06-23,8,1668181,0.48,safe
18.11,KAB. MESUJI,2025-06-30,4,1668181,0.24,safe
18.11,KAB. MESUJI,2025-07-07,8,1668181,0.48,safe
18.11,KAB. MESUJI,2025-07-14,9,1668181,0.54,safe
18.11,KAB. MESUJI,2025-07-21,2,1668181,0.12,safe
18.11,KAB. MESUJI,2025-07-28,2,1668181,0.12,safe
18.11,KAB. MESUJI,2025-08-04,8,1668181,0.48,safe
18.11,KAB. MESUJI,2025-08-11,8,1668181,0.48,safe
18.12,KAB. TULANG BAWANG BARAT,2024-08-19,13,322252,4.034,unsafe
18.12,KAB. TULANG BAWANG BARAT,2024-08-26,12,322252,3.724,unsafe
18.12,KAB. TULANG BAWANG BARAT,2024-09-02,10,322252,3.103,unsafe
18.12,KAB. TULANG BAWANG BARAT,2024-09-09,9,322252,2.793,unsafe
18.12,KAB. TULANG BAWANG BARAT,2024-09-16,14,322252,4.344,unsafe
18.12,KAB. TULANG BAWANG BARAT,2024-09-23,23,322252,7.137,unsafe
18.12,KAB. TULANG BAWANG BARAT,2024-09-30,16,322252,4.965,unsafe
18.12,KAB. TULANG BAWANG BARAT,2024-10-07,15,322252,4.655,unsafe
18.12,KAB. TULANG BAWANG BARAT,2024-10-14,12,322252,3.724,unsafe
18.12,KAB. TULANG BAWANG BARAT,2024-10-21,14,322252,4.344,unsafe
18.12,KAB. TULANG BAWANG BARAT,2024-10-28,18,322252,5.586,unsafe
18.12,KAB. TULANG BAWANG BARAT,2024-11-04,17,322252,5.275,unsafe
18.12,KAB. TULANG BAWANG BARAT,2024-11-11,9,322252,2.793,unsafe
18.12,KAB. TULANG BAWANG BARAT,2024-11-18,15,322252,4.655,unsafe
18.12,KAB. TULANG BAWANG BARAT,2024-11-25,10,322252,3.103,unsafe
18.12,KAB. TULANG BAWANG BARAT,2024-12-02,16,322252,4.965,unsafe
18.12,KAB. TULANG BAWANG BARAT,2024-12-09,12,322252,3.724,unsafe
18.12,KAB. TULANG BAWANG BARAT,2024-12-16,18,322252,5.586,unsafe
18.12,KAB. TULANG BAWANG BARAT,2024-12-23,16,322252,4.965,unsafe
18.12,KAB. TULANG BAWANG BARAT,2024-12-30,12,322252,3.724,unsafe
18.12,KAB. TULANG BAWANG BARAT,2025-01-06,17,322252,5.275,unsafe
18.12,KAB. TULANG BAWANG BARAT,2025-01-13,10,322252,3.103,unsafe
18.12,KAB. TULANG BAWANG BARAT,2025-01-20,17,322252,5.275,unsafe
18.12,KAB. TULANG BAWANG BARAT,2025-01-27,17,322252,5.275,unsafe
18.12,KAB. TULANG BAWANG BARAT,2025-02-03,13,322252,4.034,unsafe
18.12,KAB. TULANG BAWANG BARAT,2025-02-10,8,322252,2.483,moderately_safe
18.12,KAB. TULANG BAWANG BARAT,2025-02-17,8,322252,2.483,moderately_safe
18.12,KAB. TULANG BAWANG BARAT,2025-02-24,4,322252,1.241,moderately_safe
18.12,KAB. TULANG BAWANG BARAT,2025-03-03,6,322252,1.862,moderately_safe
18.12,KAB. TULANG BAWANG BARAT,2025-03-10,11,322252,3.413,unsafe
18.12,KAB. TULANG BAWANG BARAT,2025-03-17,6,322252,1.862,moderately_safe
18.12,KAB. TULANG BAWANG BARAT,2025-03-24,7,322252,2.172,moderately_safe
18.12,KAB. TULANG BAWANG BARAT,2025-03-31,6,322252,1.862,moderately_safe
18.12,KAB. TULANG BAWANG BARAT,2025-04-07,5,322252,1.552,moderately_safe
18.12,KAB. TULANG BAWANG BARAT,2025-04-14,4,322252,1.241,moderately_safe
18.12,KAB. TULANG BAWANG BARAT,2025-04-21,11,322252,3.413,unsafe
18.12,KAB. TULANG BAWANG BARAT,2025-04-28,4,322252,1.241,moderately_safe
18.12,KAB. TULANG BAWANG BARAT,2025-05-05,6,322252,1.862,moderately_safe
18.12,KAB. TULANG BAWANG BARAT,2025-05-12,4,322252,1.241,moderately_safe
18.12,KAB. TULANG BAWANG BARAT,2025-05-19,2,322252,0.621,safe
18.12,KAB. TULANG BAWANG BARAT,2025-05-26,15,322252,4.655,unsafe
18.12,KAB. TULANG BAWANG BARAT,2025-06-02,4,322252,1.241,moderately_safe
18.12,KAB. TULANG BAWANG BARAT,2025-06-09,12,322252,3.724,unsafe
18.12,KAB. TULANG BAWANG BARAT,2025-06-16,6,322252,1.862,moderately_safe
18.12,KAB. TULANG BAWANG BARAT,2025-06-23,8,322252,2.483,moderately_safe
18.12,KAB. TULANG BAWANG BARAT,2025-06-30,1,322252,0.31,safe
18.12,KAB. TULANG BAWANG BARAT,2025-07-07,3,322252,0.931,moderately_safe
18.12,KAB. TULANG BAWANG BARAT,2025-07-14,14,322252,4.344,unsafe
18.12,KAB. TULANG BAWANG BARAT,2025-07-21,7,322252,2.172,moderately_safe
18.12,KAB. TULANG BAWANG BARAT,2025-07-28,6,322252,1.862,moderately_safe
18.12,KAB. TULANG BAWANG BARAT,2025-08-04,3,322252,0.931,moderately_safe
18.12,KAB. TULANG BAWANG BARAT,2025-08-11,10,322252,3.103,unsafe
18.13,KAB. PESISIR BARAT,2024-08-19,19,521555,3.643,unsafe
18.13,KAB. PESISIR BARAT,2024-08-26,10,521555,1.917,moderately_safe
18.13,KAB. PESISIR BARAT,2024-09-02,12,521555,2.301,moderately_safe
18.13,KAB. PESISIR BARAT,2024-09-09,14,521555,2.684,unsafe
18.13,KAB. PESISIR BARAT,2024-09-16,15,521555,2.876,unsafe
18.13,KAB. PESISIR BARAT,2024-09-23,15,521555,2.876,unsafe
18.13,KAB. PESISIR BARAT,2024-09-30,10,521555,1.917,moderately_safe
18.13,KAB. PESISIR BARAT,2024-10-07,9,521555,1.726,moderately_safe
18.13,KAB. PESISIR BARAT,2024-10-14,15,521555,2.876,unsafe
18.13,KAB. PESISIR BARAT,2024-10-21,7,521555,1.342,moderately_safe
18.13,KAB. PESISIR BARAT,2024-10-28,21,521555,4.026,unsafe
18.13,KAB. PESISIR BARAT,2024-11-04,21,521555,4.026,unsafe
18.13,KAB. PESISIR BARAT,2024-11-11,16,521555,3.068,unsafe
18.13,KAB. PESISIR BARAT,2024-11-18,23,521555,4.41,unsafe
18.13,KAB. PESISIR BARAT,2024-11-25,12,521555,2.301,moderately_safe
18.13,KAB. PESISIR BARAT,2024-12-02,11,521555,2.109,moderately_safe
18.13,KAB. PESISIR BARAT,2024-12-09,14,521555,2.684,unsafe
18.13,KAB. PESISIR BARAT,2024-12-16,14,521555,2.684,unsafe
18.13,KAB. PESISIR BARAT,2024-12-23,13,521555,2.493,moderately_safe
18.13,KAB. PESISIR BARAT,2024-12-30,12,521555,2.301,moderately_safe
18.13,KAB. PESISIR BARAT,2025-01-06,13,521555,2.493,moderately_safe
18.13,KAB. PESISIR BARAT,2025-01-13,10,521555,1.917,moderately_safe
18.13,KAB. PESISIR BARAT,2025-01-20,24,521555,4.602,unsafe
18.13,KAB. PESISIR BARAT,2025-01-27,15,521555,2.876,unsafe
18.13,KAB. PESISIR BARAT,2025-02-03,16,521555,3.068,unsafe
18.13,KAB. PESISIR BARAT,2025-02-10,6,521555,1.15,moderately_safe
18.13,KAB. PESISIR BARAT,2025-02-17,5,521555,0.959,moderately_safe
18.13,KAB. PESISIR BARAT,2025-02-24,7,521555,1.342,moderately_safe
18.13,KAB. PESISIR BARAT,2025-03-03,7,521555,1.342,moderately_safe
18.13,KAB. PESISIR BARAT,2025-03-10,6,521555,1.15,moderately_safe
18.13,KAB. PESISIR BARAT,2025-03-17,4,521555,0.767,moderately_safe
18.13,KAB. PESISIR BARAT,2025-03-24,5,521555,0.959,moderately_safe
18.13,KAB. PESISIR BARAT,2025-03-31,3,521555,0.575,safe
18.13,KAB. PESISIR BARAT,2025-04-07,8,521555,1.534,moderately_safe
18.13,KAB. PESISIR BARAT,2025-04-14,2,521555,0.383,safe
18.13,KAB. PESISIR BARAT,2025-04-21,4,521555,0.767,moderately_safe
18.13,KAB. PESISIR BARAT,2025-04-28,0,521555,0.0,safe
18.13,KAB. PESISIR BARAT,2025-05-05,4,521555,0.767,moderately_safe
18.13,KAB. PESISIR BARAT,2025-05-12,3,521555,0.575,safe
18.13,KAB. PESISIR BARAT,2025-05-19,1,521555,0.192,safe
18.13,KAB. PESISIR BARAT,2025-05-26,8,521555,1.534,moderately_safe
18.13,KAB. PESISIR BARAT,2025-06-02,5,521555,0.959,moderately_safe
18.13,KAB. PESISIR BARAT,2025-06-09,7,521555,1.342,moderately_safe
18.13,KAB. PESISIR BARAT,2025-06-16,14,521555,2.684,unsafe
18.13,KAB. PESISIR BARAT,2025-06-23,4,521555,0.767,moderately_safe
18.13,KAB. PESISIR BARAT,2025-06-30,4,521555,0.767,moderately_safe
18.13,KAB. PESISIR BARAT,2025-07-07,6,521555,1.15,moderately_safe
18.13,KAB. PESISIR BARAT,2025-07-14,5,521555,0.959,moderately_safe
18.13,KAB. PESISIR BARAT,2025-07-21,8,521555,1.534,moderately_safe
18.13,KAB. PESISIR BARAT,2025-07-28,13,521555,2.493,moderately_safe
18.13,KAB. PESISIR BARAT,2025-08-04,10,521555,1.917,moderately_safe
18.13,KAB. PESISIR BARAT,2025-08-11,9,521555,1.726,moderately_safe
18.71,KOTA BANDAR LAMPUNG,2024-08-19,13,2088908,0.622,safe
18.71,KOTA BANDAR LAMPUNG,2024-08-26,14,2088908,0.67,safe
18.71,KOTA BANDAR LAMPUNG,2024-09-02,16,2088908,0.766,moderately_safe
18.71,KOTA BANDAR LAMPUNG,2024-09-09,19,2088908,0.91,moderately_safe
18.71,KOTA BANDAR LAMPUNG,2024-09-16,25,2088908,1.197,moderately_safe
18.71,KOTA BANDAR LAMPUNG,2024-09-23,14,2088908,0.67,safe
18.71,KOTA BANDAR LAMPUNG,2024-09-30,27,2088908,1.293,moderately_safe
18.71,KOTA BANDAR LAMPUNG,2024-10-07,17,2088908,0.814,moderately_safe
18.71,KOTA BANDAR LAMPUNG,2024-10-14,21,2088908,1.005,moderately_safe
18.71,KOTA BANDAR LAMPUNG,2024-10-21,16,2088908,0.766,moderately_safe
18.71,KOTA BANDAR LAMPUNG,2024-10-28,24,2088908,1.149,moderately_safe
18.71,KOTA BANDAR LAMPUNG,2024-11-04,20,2088908,0.957,moderately_safe
18.71,KOTA BANDAR LAMPUNG,2024-11-11,17,2088908,0.814,moderately_safe
18.71,KOTA BANDAR LAMPUNG,2024-11-18,21,2088908,1.005,moderately_safe
18.71,KOTA BANDAR LAMPUNG,2024-11-25,20,2088908,0.957,moderately_safe
18.71,KOTA BANDAR LAMPUNG,2024-12-02,23,2088908,1.101,moderately_safe
18.71,KOTA BANDAR LAMPUNG,2024-12-09,17,2088908,0.814,moderately_safe
18.71,KOTA BANDAR LAMPUNG,2024-12-16,25,2088908,1.197,moderately_safe
18.71,KOTA BANDAR LAMPUNG,2024-12-23,27,2088908,1.293,moderately_safe
18.71,KOTA BANDAR LAMPUNG,2024-12-30,12,2088908,0.574,safe
18.71,KOTA BANDAR LAMPUNG,2025-01-06,24,2088908,1.149,moderately_safe
18.71,KOTA BANDAR LAMPUNG,2025-01-13,15,2088908,0.718,safe
18.71,KOTA BANDAR LAMPUNG,2025-01-20,19,2088908,0.91,moderately_safe
18.71,KOTA BANDAR LAMPUNG,2025-01-27,18,2088908,0.862,moderately_safe
18.71,KOTA BANDAR LAMPUNG,2025-02-03,14,2088908,0.67,safe
18.71,KOTA BANDAR LAMPUNG,2025-02-10,21,2088908,1.005,moderately_safe
18.71,KOTA BANDAR LAMPUNG,2025-02-17,14,2088908,0.67,safe
18.71,KOTA BANDAR LAMPUNG,2025-02-24,15,2088908,0.718,safe
18.71,KOTA BANDAR LAMPUNG,2025-03-03,12,2088908,0.574,safe
18.71,KOTA BANDAR LAMPUNG,2025-03-10,16,2088908,0.766,moderately_safe
18.71,KOTA BANDAR LAMPUNG,2025-03-17,14,2088908,0.67,safe
18.71,KOTA BANDAR LAMPUNG,2025-03-24,4,2088908,0.191,safe
18.71,KOTA BANDAR LAMPUNG,2025-03-31,6,2088908,0.287,safe
18.71,KOTA BANDAR LAMPUNG,2025-04-07,13,2088908,0.622,safe
18.71,KOTA BANDAR LAMPUNG,2025-04-14,7,2088908,0.335,safe
18.71,KOTA BANDAR LAMPUNG,2025-04-21,6,2088908,0.287,safe
18.71,KOTA BANDAR LAMPUNG,2025-04-28,10,2088908,0.479,safe
18.71,KOTA BANDAR LAMPUNG,2025-05-05,9,2088908,0.431,safe
18.71,KOTA BANDAR LAMPUNG,2025-05-12,16,2088908,0.766,moderately_safe
18.71,KOTA BANDAR LAMPUNG,2025-05-19,10,2088908,0.479,safe
18.71,KOTA BANDAR LAMPUNG,2025-05-26,5,2088908,0.239,safe
18.71,KOTA BANDAR LAMPUNG,2025-06-02,6,2088908,0.287,safe
18.71,KOTA BANDAR LAMPUNG,2025-06-09,4,2088908,0.191,safe
18.71,KOTA BANDAR LAMPUNG,2025-06-16,8,2088908,0.383,safe
18.71,KOTA BANDAR LAMPUNG,2025-06-23,11,2088908,0.527,safe
18.71,KOTA BANDAR LAMPUNG,2025-06-30,6,2088908,0.287,safe
18.71,KOTA BANDAR LAMPUNG,2025-07-07,5,2088908,0.239,safe
18.71,KOTA BANDAR LAMPUNG,2025-07-14,8,2088908,0.383,safe
18.71,KOTA BANDAR LAMPUNG,2025-07-21,12,2088908,0.574,safe
18.71,KOTA BANDAR LAMPUNG,2025-07-28,17,2088908,0.814,moderately_safe
18.71,KOTA BANDAR LAMPUNG,2025-08-04,13,2088908,0.622,safe
18.71,KOTA BANDAR LAMPUNG,2025-08-11,10,2088908,0.479,safe
18.72,KOTA METRO,2024-08-19,19,1381232,1.376,moderately_safe
18.72,KOTA METRO,2024-08-26,19,1381232,1.376,moderately_safe
18.72,KOTA METRO,2024-09-02,14,1381232,1.014,moderately_safe
18.72,KOTA METRO,2024-09-09,16,1381232,1.158,moderately_safe
18.72,KOTA METRO,2024-09-16,9,1381232,0.652,safe
18.72,KOTA METRO,2024-09-23,19,1381232,1.376,moderately_safe
18.72,KOTA METRO,2024-09-30,20,1381232,1.448,moderately_safe
18.72,KOTA METRO,2024-10-07,18,1381232,1.303,moderately_safe
18.72,KOTA METRO,2024-10-14,17,1381232,1.231,moderately_safe
18.72,KOTA METRO,2024-10-21,31,1381232,2.244,moderately_safe
18.72,KOTA METRO,2024-10-28,19,1381232,1.376,moderately_safe
18.72,KOTA METRO,2024-11-04,21,1381232,1.52,moderately_safe
18.72,KOTA METRO,2024-11-11,14,1381232,1.014,moderately_safe
18.72,KOTA METRO,2024-11-18,22,1381232,1.593,moderately_safe
18.72,KOTA METRO,2024-11-25,25,1381232,1.81,moderately_safe
18.72,KOTA METRO,2024-12-02,19,1381232,1.376,moderately_safe
18.72,KOTA METRO,2024-12-09,18,1381232,1.303,moderately_safe
18.72,KOTA METRO,2024-12-16,34,1381232,2.462,moderately_safe
18.72,KOTA METRO,2024-12-23,16,1381232,1.158,moderately_safe
18.72,KOTA METRO,2024-12-30,13,1381232,0.941,moderately_safe
18.72,KOTA METRO,2025-01-06,22,1381232,1.593,moderately_safe
18.72,KOTA METRO,2025-01-13,18,1381232,1.303,moderately_safe
18.72,KOTA METRO,2025-01-20,21,1381232,1.52,moderately_safe
18.72,KOTA METRO,2025-01-27,14,1381232,1.014,moderately_safe
18.72,KOTA METRO,2025-02-03,13,1381232,0.941,moderately_safe
18.72,KOTA METRO,2025-02-10,9,1381232,0.652,safe
18.72,KOTA METRO,2025-02-17,17,1381232,1.231,moderately_safe
18.72,KOTA METRO,2025-02-24,15,1381232,1.086,moderately_safe
18.72,KOTA METRO,2025-03-03,13,1381232,0.941,moderately_safe
18.72,KOTA METRO,2025-03-10,11,1381232,0.796,moderately_safe
18.72,KOTA METRO,2025-03-17,18,1381232,1.303,moderately_safe
18.72,KOTA METRO,2025-03-24,8,1381232,0.579,safe
18.72,KOTA METRO,2025-03-31,11,1381232,0.796,moderately_safe
18.72,KOTA METRO,2025-04-07,15,1381232,1.086,moderately_safe
18.72,KOTA METRO,2025-04-14,8,1381232,0.579,safe
18.72,KOTA METRO,2025-04-21,4,1381232,0.29,safe
18.72,KOTA METRO,2025-04-28,9,1381232,0.652,safe
18.72,KOTA METRO,2025-05-05,8,1381232,0.579,safe
18.72,KOTA METRO,2025-05-12,5,1381232,0.362,safe
18.72,KOTA METRO,2025-05-19,4,1381232,0.29,safe
18.72,KOTA METRO,2025-05-26,9,1381232,0.652,safe
18.72,KOTA METRO,2025-06-02,15,1381232,1.086,moderately_safe
18.72,KOTA METRO,2025-06-09,10,1381232,0.724,safe
18.72,KOTA METRO,2025-06-16,7,1381232,0.507,safe
18.72,KOTA METRO,2025-06-23,9,1381232,0.652,safe
18.72,KOTA METRO,2025-06-30,7,1381232,0.507,safe
18.72,KOTA METRO,2025-07-07,8,1381232,0.579,safe
18.72,KOTA METRO,2025-07-14,10,1381232,0.724,safe
18.72,KOTA METRO,2025-07-21,9,1381232,0.652,safe
18.72,KOTA METRO,2025-07-28,9,1381232,0.652,safe
18.72,KOTA METRO,2025-08-04,18,1381232,1.303,moderately_safe
18.72,KOTA METRO,2025-08-11,18,1381232,1.303,moderately_safe
31.01,KAB. ADM. KEP. SERIBU,2024-08-19,10,2293896,0.436,safe
31.01,KAB. ADM. KEP. SERIBU,2024-08-26,5,2293896,0.218,safe
31.01,KAB. ADM. KEP. SERIBU,2024-09-02,4,2293896,0.174,safe
31.01,KAB. ADM. KEP. SERIBU,2024-09-09,10,2293896,0.436,safe
31.01,KAB. ADM. KEP. SERIBU,2024-09-16,13,2293896,0.567,safe
31.01,KAB. ADM. KEP. SERIBU,2024-09-23,16,2293896,0.698,safe
31.01,KAB. ADM. KEP. SERIBU,2024-09-30,14,2293896,0.61,safe
31.01,KAB. ADM. KEP. SERIBU,2024-10-07,12,2293896,0.523,safe
31.01,KAB. ADM. KEP. SERIBU,2024-10-14,11,2293896,0.48,safe
31.01,KAB. ADM. KEP. SERIBU,2024-10-21,10,2293896,0.436,safe
31.01,KAB. ADM. KEP. SERIBU,2024-10-28,12,2293896,0.523,safe
31.01,KAB. ADM. KEP. SERIBU,2024-11-04,15,2293896,0.654,safe
31.01,KAB. ADM. KEP. SERIBU,2024-11-11,20,2293896,0.872,moderately_safe
31.01,KAB. ADM. KEP. SERIBU,2024-11-18,14,2293896,0.61,safe
31.01,KAB. ADM. KEP. SERIBU,2024-11-25,17,2293896,0.741,safe
31.01,KAB. ADM. KEP. SERIBU,2024-12-02,16,2293896,0.698,safe
31.01,KAB. ADM. KEP. SERIBU,2024-12-09,17,2293896,0.741,safe
31.01,KAB. ADM. KEP. SERIBU,2024-12-16,11,2293896,0.48,safe
31.01,KAB. ADM. KEP. SERIBU,2024-12-23,15,2293896,0.654,safe
31.01,KAB. ADM. KEP. SERIBU,2024-12-30,7,2293896,0.305,safe
31.01,KAB. ADM. KEP. SERIBU,2025-01-06,12,2293896,0.523,safe
31.01,KAB. ADM. KEP. SERIBU,2025-01-13,11,2293896,0.48,safe
31.01,KAB. ADM. KEP. SERIBU,2025-01-20,9,2293896,0.392,safe
31.01,KAB. ADM. KEP. SERIBU,2025-01-27,13,2293896,0.567,safe
31.01,KAB. ADM. KEP. SERIBU,2025-02-03,9,2293896,0.392,safe
31.01,KAB. ADM. KEP. SERIBU,2025-02-10,3,2293896,0.131,safe
31.01,KAB. ADM. KEP. SERIBU,2025-02-17,12,2293896,0.523,safe
31.01,KAB. ADM. KEP. SERIBU,2025-02-24,9,2293896,0.392,safe
31.01,KAB. ADM. KEP. SERIBU,2025-03-03,11,2293896,0.48,safe
31.01,KAB. ADM. KEP. SERIBU,2025-03-10,10,2293896,0.436,safe
31.01,KAB. ADM. KEP. SERIBU,2025-03-17,7,2293896,0.305,safe
31.01,KAB. ADM. KEP. SERIBU,2025-03-24,8,2293896,0.349,safe
31.01,KAB. ADM. KEP. SERIBU,2025-03-31,0,2293896,0.0,safe
31.01,KAB. ADM. KEP. SERIBU,2025-04-07,5,2293896,0.218,safe
31.01,KAB. ADM. KEP. SERIBU,2025-04-14,5,2293896,0.218,safe
31.01,KAB. ADM. KEP. SERIBU,2025-04-21,3,2293896,0.131,safe
31.01,KAB. ADM. KEP. SERIBU,2025-04-28,6,2293896,0.262,safe
31.01,KAB. ADM. KEP. SERIBU,2025-05-05,2,2293896,0.087,safe
31.01,KAB. ADM. KEP. SERIBU,2025-05-12,4,2293896,0.174,safe
31.01,KAB. ADM. KEP. SERIBU,2025-05-19,3,2293896,0.131,safe
31.01,KAB. ADM. KEP. SERIBU,2025-05-26,8,2293896,0.349,safe
31.01,KAB. ADM. KEP. SERIBU,2025-06-02,8,2293896,0.349,safe
31.01,KAB. ADM. KEP. SERIBU,2025-06-09,7,2293896,0.305,safe
31.01,KAB. ADM. KEP. SERIBU,2025-06-16,10,2293896,0.436,safe
31.01,KAB. ADM. KEP. SERIBU,2025-06-23,6,2293896,0.262,safe
31.01,KAB. ADM. KEP. SERIBU,2025-06-30,7,2293896,0.305,safe
31.01,KAB. ADM. KEP. SERIBU,2025-07-07,3,2293896,0.131,safe
31.01,KAB. ADM. KEP. SERIBU,2025-07-14,11,2293896,0.48,safe
31.01,KAB. ADM. KEP. SERIBU,2025-07-21,4,2293896,0.174,safe
31.01,KAB. ADM. KEP. SERIBU,2025-07-28,2,2293896,0.087,safe
31.01,KAB. ADM. KEP. SERIBU,2025-08-04,11,2293896,0.48,safe
31.01,KAB. ADM. KEP. SERIBU,2025-08-11,11,2293896,0.48,safe
31.71,KOTA ADM. JAKARTA PUSAT,2024-08-19,15,810242,1.851,moderately_safe
31.71,KOTA ADM. JAKARTA PUSAT,2024-08-26,9,810242,1.111,moderately_safe
31.71,KOTA ADM. JAKARTA PUSAT,2024-09-02,17,810242,2.098,moderately_safe
31.71,KOTA ADM. JAKARTA PUSAT,2024-09-09,12,810242,1.481,moderately_safe
31.71,KOTA ADM. JAKARTA PUSAT,2024-09-16,18,810242,2.222,moderately_safe
31.71,KOTA ADM. JAKARTA PUSAT,2024-09-23,19,810242,2.345,moderately_safe
31.71,KOTA ADM. JAKARTA PUSAT,2024-09-30,22,810242,2.715,unsafe
31.71,KOTA ADM. JAKARTA PUSAT,2024-10-07,22,810242,2.715,unsafe
31.71,KOTA ADM. JAKARTA PUSAT,2024-10-14,18,810242,2.222,moderately_safe
31.71,KOTA ADM. JAKARTA PUSAT,2024-10-21,17,810242,2.098,moderately_safe
31.71,KOTA ADM. JAKARTA PUSAT,2024-10-28,25,810242,3.085,unsafe
31.71,KOTA ADM. JAKARTA PUSAT,2024-11-04,23,810242,2.839,unsafe
31.71,KOTA ADM. JAKARTA PUSAT,2024-11-11,26,810242,3.209,unsafe
31.71,KOTA ADM. JAKARTA PUSAT,2024-11-18,5,810242,0.617,safe
31.71,KOTA ADM. JAKARTA PUSAT,2024-11-25,22,810242,2.715,unsafe
31.71,KOTA ADM. JAKARTA PUSAT,2024-12-02,18,810242,2.222,moderately_safe
31.71,KOTA ADM. JAKARTA PUSAT,2024-12-09,19,810242,2.345,moderately_safe
31.71,KOTA ADM. JAKARTA PUSAT,2024-12-16,22,810242,2.715,unsafe
31.71,KOTA ADM. JAKARTA PUSAT,2024-12-23,15,810242,1.851,moderately_safe
31.71,KOTA ADM. JAKARTA PUSAT,2024-12-30,20,810242,2.468,moderately_safe
31.71,KOTA ADM. JAKARTA PUSAT,2025-01-06,28,810242,3.456,unsafe
31.71,KOTA ADM. JAKARTA PUSAT,2025-01-13,18,810242,2.222,moderately_safe
31.71,KOTA ADM. JAKARTA PUSAT,2025-01-20,15,810242,1.851,moderately_safe
31.71,KOTA ADM. JAKARTA PUSAT,2025-01-27,17,810242,2.098,moderately_safe
31.71,KOTA ADM. JAKARTA PUSAT,2025-02-03,16,810242,1.975,moderately_safe
31.71,KOTA ADM. JAKARTA PUSAT,2025-02-10,16,810242,1.975,moderately_safe
31.71,KOTA ADM. JAKARTA PUSAT,2025-02-17,15,810242,1.851,moderately_safe
31.71,KOTA ADM. JAKARTA PUSAT,2025-02-24,11,810242,1.358,moderately_safe
31.71,KOTA ADM. JAKARTA PUSAT,2025-03-03,11,810242,1.358,moderately_safe
31.71,KOTA ADM. JAKARTA PUSAT,2025-03-10,7,810242,0.864,moderately_safe
31.71,KOTA ADM. JAKARTA PUSAT,2025-03-17,10,810242,1.234,moderately_safe
31.71,KOTA ADM. JAKARTA PUSAT,2025-03-24,13,810242,1.604,moderately_safe
31.71,KOTA ADM. JAKARTA PUSAT,2025-03-31,12,810242,1.481,moderately_safe
31.71,KOTA ADM. JAKARTA PUSAT,2025-04-07,8,810242,0.987,moderately_safe
31.71,KOTA ADM. JAKARTA PUSAT,2025-04-14,7,810242,0.864,moderately_safe
31.71,KOTA ADM. JAKARTA PUSAT,2025-04-21,5,810242,0.617,safe
31.71,KOTA ADM. JAKARTA PUSAT,2025-04-28,11,810242,1.358,moderately_safe
31.71,KOTA ADM. JAKARTA PUSAT,2025-05-05,2,810242,0.247,safe
31.71,KOTA ADM. JAKARTA PUSAT,2025-05-12,10,810242,1.234,moderately_safe
31.71,KOTA ADM. JAKARTA PUSAT,2025-05-19,6,810242,0.741,safe
31.71,KOTA ADM. JAKARTA PUSAT,2025-05-26,4,810242,0.494,safe
31.71,KOTA ADM. JAKARTA PUSAT,2025-06-02,2,810242,0.247,safe
31.71,KOTA ADM. JAKARTA PUSAT,2025-06-09,3,810242,0.37,safe
31.71,KOTA ADM. JAKARTA PUSAT,2025-06-16,6,810242,0.741,safe
31.71,KOTA ADM. JAKARTA PUSAT,2025-06-23,9,810242,1.111,moderately_safe
31.71,KOTA ADM. JAKARTA PUSAT,2025-06-30,3,810242,0.37,safe
31.71,KOTA ADM. JAKARTA PUSAT,2025-07-07,7,810242,0.864,moderately_safe
31.71,KOTA ADM. JAKARTA PUSAT,2025-07-14,6,810242,0.741,safe
31.71,KOTA ADM. JAKARTA PUSAT,2025-07-21,5,810242,0.617,safe
31.71,KOTA ADM. JAKARTA PUSAT,2025-07-28,8,810242,0.987,moderately_safe
31.71,KOTA ADM. JAKARTA PUSAT,2025-08-04,12,810242,1.481,moderately_safe
31.71,KOTA ADM. JAKARTA PUSAT,2025-08-11,15,810242,1.851,moderately_safe
31.72,KOTA ADM. JAKARTA UTARA,2024-08-19,17,990883,1.716,moderately_safe
31.72,KOTA ADM. JAKARTA UTARA,2024-08-26,13,990883,1.312,moderately_safe
31.72,KOTA ADM. JAKARTA UTARA,2024-09-02,17,990883,1.716,moderately_safe
31.72,KOTA ADM. JAKARTA UTARA,2024-09-09,13,990883,1.312,moderately_safe
31.72,KOTA ADM. JAKARTA UTARA,2024-09-16,19,990883,1.917,moderately_safe
31.72,KOTA ADM. JAKARTA UTARA,2024-09-23,25,990883,2.523,unsafe
31.72,KOTA ADM. JAKARTA UTARA,2024-09-30,18,990883,1.817,moderately_safe
31.72,KOTA ADM. JAKARTA UTARA,2024-10-07,23,990883,2.321,moderately_safe
31.72,KOTA ADM. JAKARTA UTARA,2024-10-14,19,990883,1.917,moderately_safe
31.72,KOTA ADM. JAKARTA UTARA,2024-10-21,30,990883,3.028,unsafe
31.72,KOTA ADM. JAKARTA UTARA,2024-10-28,23,990883,2.321,moderately_safe
31.72,KOTA ADM. JAKARTA UTARA,2024-11-04,28,990883,2.826,unsafe
31.72,KOTA ADM. JAKARTA UTARA,2024-11-11,32,990883,3.229,unsafe
31.72,KOTA ADM. JAKARTA UTARA,2024-11-18,17,990883,1.716,moderately_safe
31.72,KOTA ADM. JAKARTA UTARA,2024-11-25,30,990883,3.028,unsafe
31.72,KOTA ADM. JAKARTA UTARA,2024-12-02,22,990883,2.22,moderately_safe
31.72,KOTA ADM. JAKARTA UTARA,2024-12-09,30,990883,3.028,unsafe
31.72,KOTA ADM. JAKARTA UTARA,2024-12-16,18,990883,1.817,moderately_safe
31.72,KOTA ADM. JAKARTA UTARA,2024-12-23,26,990883,2.624,unsafe
31.72,KOTA ADM. JAKARTA UTARA,2024-12-30,17,990883,1.716,moderately_safe
31.72,KOTA ADM. JAKARTA UTARA,2025-01-06,15,990883,1.514,moderately_safe
31.72,KOTA ADM. JAKARTA UTARA,2025-01-13,17,990883,1.716,moderately_safe
31.72,KOTA ADM. JAKARTA UTARA,2025-01-20,17,990883,1.716,moderately_safe
31.72,KOTA ADM. JAKARTA UTARA,2025-01-27,26,990883,2.624,unsafe
31.72,KOTA ADM. JAKARTA UTARA,2025-02-03,12,990883,1.211,moderately_safe
31.72,KOTA ADM. JAKARTA UTARA,2025-02-10,4,990883,0.404,safe
31.72,KOTA ADM. JAKARTA UTARA,2025-02-17,15,990883,1.514,moderately_safe
31.72,KOTA ADM. JAKARTA UTARA,2025-02-24,16,990883,1.615,moderately_safe
31.72,KOTA ADM. JAKARTA UTARA,2025-03-03,11,990883,1.11,moderately_safe
31.72,KOTA ADM. JAKARTA UTARA,2025-03-10,11,990883,1.11,moderately_safe
31.72,KOTA ADM. JAKARTA UTARA,2025-03-17,15,990883,1.514,moderately_safe
31.72,KOTA ADM. JAKARTA UTARA,2025-03-24,19,990883,1.917,moderately_safe
31.72,KOTA ADM. JAKARTA UTARA,2025-03-31,10,990883,1.009,moderately_safe
31.72,KOTA ADM. JAKARTA UTARA,2025-04-07,13,990883,1.312,moderately_safe
31.72,KOTA ADM. JAKARTA UTARA,2025-04-14,9,990883,0.908,moderately_safe
31.72,KOTA ADM. JAKARTA UTARA,2025-04-21,11,990883,1.11,moderately_safe
31.72,KOTA ADM. JAKARTA UTARA,2025-04-28,5,990883,0.505,safe
31.72,KOTA ADM. JAKARTA UTARA,2025-05-05,8,990883,0.807,moderately_safe
31.72,KOTA ADM. JAKARTA UTARA,2025-05-12,8,990883,0.807,moderately_safe
31.72,KOTA ADM. JAKARTA UTARA,2025-05-19,11,990883,1.11,moderately_safe
31.72,KOTA ADM. JAKARTA UTARA,2025-05-26,6,990883,0.606,safe
31.72,KOTA ADM. JAKARTA UTARA,2025-06-02,10,990883,1.009,moderately_safe
31.72,KOTA ADM. JAKARTA UTARA,2025-06-09,6,990883,0.606,safe
31.72,KOTA ADM. JAKARTA UTARA,2025-06-16,19,990883,1.917,moderately_safe
31.72,KOTA ADM. JAKARTA UTARA,2025-06-23,9,990883,0.908,moderately_safe
31.72,KOTA ADM. JAKARTA UTARA,2025-06-30,3,990883,0.303,safe
31.72,KOTA ADM. JAKARTA UTARA,2025-07-07,11,990883,1.11,moderately_safe
31.72,KOTA ADM. JAKARTA UTARA,2025-07-14,8,990883,0.807,moderately_safe
31.72,KOTA ADM. JAKARTA UTARA,2025-07-21,8,990883,0.807,moderately_safe
31.72,KOTA ADM. JAKARTA UTARA,2025-07-28,18,990883,1.817,moderately_safe
31.72,KOTA ADM. JAKARTA UTARA,2025-08-04,8,990883,0.807,moderately_safe
31.72,KOTA ADM. JAKARTA UTARA,2025-08-11,20,990883,2.018,moderately_safe
31.73,KOTA ADM. JAKARTA BARAT,2024-08-19,11,2746547,0.401,safe
31.73,KOTA ADM. JAKARTA BARAT,2024-08-26,16,2746547,0.583,safe
31.73,KOTA ADM. JAKARTA BARAT,2024-09-02,21,2746547,0.765,moderately_safe
31.73,KOTA ADM. JAKARTA BARAT,2024-09-09,21,2746547,0.765,moderately_safe
31.73,KOTA ADM. JAKARTA BARAT,2024-09-16,15,2746547,0.546,safe
31.73,KOTA ADM. JAKARTA BARAT,2024-09-23,20,2746547,0.728,safe
31.73,KOTA ADM. JAKARTA BARAT,2024-09-30,15,2746547,0.546,safe
31.73,KOTA ADM. JAKARTA BARAT,2024-10-07,24,2746547,0.874,moderately_safe
31.73,KOTA ADM. JAKARTA BARAT,2024-10-14,18,2746547,0.655,safe
31.73,KOTA ADM. JAKARTA BARAT,2024-10-21,25,2746547,0.91,moderately_safe
31.73,KOTA ADM. JAKARTA BARAT,2024-10-28,20,2746547,0.728,safe
31.73,KOTA ADM. JAKARTA BARAT,2024-11-04,19,2746547,0.692,safe
31.73,KOTA ADM. JAKARTA BARAT,2024-11-11,25,2746547,0.91,moderately_safe
31.73,KOTA ADM. JAKARTA BARAT,2024-11-18,24,2746547,0.874,moderately_safe
31.73,KOTA ADM. JAKARTA BARAT,2024-11-25,21,2746547,0.765,moderately_safe
31.73,KOTA ADM. JAKARTA BARAT,2024-12-02,28,2746547,1.019,moderately_safe
31.73,KOTA ADM. JAKARTA BARAT,2024-12-09,25,2746547,0.91,moderately_safe
31.73,KOTA ADM. JAKARTA BARAT,2024-12-16,22,2746547,0.801,moderately_safe
31.73,KOTA ADM. JAKARTA BARAT,2024-12-23,22,2746547,0.801,moderately_safe
31.73,KOTA ADM. JAKARTA BARAT,2024-12-30,19,2746547,0.692,safe
31.73,KOTA ADM. JAKARTA BARAT,2025-01-06,23,2746547,0.837,moderately_safe
31.73,KOTA ADM. JAKARTA BARAT,2025-01-13,24,2746547,0.874,moderately_safe
31.73,KOTA ADM. JAKARTA BARAT,2025-01-20,17,2746547,0.619,safe
31.73,KOTA ADM. JAKARTA BARAT,2025-01-27,15,2746547,0.546,safe
31.73,KOTA ADM. JAKARTA BARAT,2025-02-03,14,2746547,0.51,safe
31.73,KOTA ADM. JAKARTA BARAT,2025-02-10,13,2746547,0.473,safe
31.73,KOTA ADM. JAKARTA BARAT,2025-02-17,23,2746547,0.837,moderately_safe
31.73,KOTA ADM. JAKARTA BARAT,2025-02-24,8,2746547,0.291,safe
31.73,KOTA ADM. JAKARTA BARAT,2025-03-03,9,2746547,0.328,safe
31.73,KOTA ADM. JAKARTA BARAT,2025-03-10,17,2746547,0.619,safe
31.73,KOTA ADM. JAKARTA BARAT,2025-03-17,15,2746547,0.546,safe
31.73,KOTA ADM. JAKARTA BARAT,2025-03-24,12,2746547,0.437,safe
31.73,KOTA ADM. JAKARTA BARAT,2025-03-31,9,2746547,0.328,safe
31.73,KOTA ADM. JAKARTA BARAT,2025-04-07,10,2746547,0.364,safe
31.73,KOTA ADM. JAKARTA BARAT,2025-04-14,9,2746547,0.328,safe
31.73,KOTA ADM. JAKARTA BARAT,2025-04-21,6,2746547,0.218,safe
31.73,KOTA ADM. JAKARTA BARAT,2025-04-28,5,2746547,0.182,safe
31.73,KOTA ADM. JAKARTA BARAT,2025-05-05,4,2746547,0.146,safe
31.73,KOTA ADM. JAKARTA BARAT,2025-05-12,8,2746547,0.291,safe
31.73,KOTA ADM. JAKARTA BARAT,2025-05-19,6,2746547,0.218,safe
31.73,KOTA ADM. JAKARTA BARAT,2025-05-26,4,2746547,0.146,safe
31.73,KOTA ADM. JAKARTA BARAT,2025-06-02,9,2746547,0.328,safe
31.73,KOTA ADM. JAKARTA BARAT,2025-06-09,8,2746547,0.291,safe
31.73,KOTA ADM. JAKARTA BARAT,2025-06-16,2,2746547,0.073,safe
31.73,KOTA ADM. JAKARTA BARAT,2025-06-23,8,2746547,0.291,safe
31.73,KOTA ADM. JAKARTA BARAT,2025-06-30,14,2746547,0.51,safe
31.73,KOTA ADM. JAKARTA BARAT,2025-07-07,6,2746547,0.218,safe
31.73,KOTA ADM. JAKARTA BARAT,2025-07-14,11,2746547,0.401,safe
31.73,KOTA ADM. JAKARTA BARAT,2025-07-21,15,2746547,0.546,safe
31.73,KOTA ADM. JAKARTA BARAT,2025-07-28,18,2746547,0.655,safe
31.73,KOTA ADM. JAKARTA BARAT,2025-08-04,14,2746547,0.51,safe
31.73,KOTA ADM. JAKARTA BARAT,2025-08-11,9,2746547,0.328,safe
31.74,KOTA ADM. JAKARTA SELATAN,2024-08-19,8,2080394,0.385,safe
31.74,KOTA ADM. JAKARTA SELATAN,2024-08-26,17,2080394,0.817,moderately_safe
31.74,KOTA ADM. JAKARTA SELATAN,2024-09-02,15,2080394,0.721,safe
31.74,KOTA ADM. JAKARTA SELATAN,2024-09-09,19,2080394,0.913,moderately_safe
31.74,KOTA ADM. JAKARTA SELATAN,2024-09-16,18,2080394,0.865,moderately_safe
31.74,KOTA ADM. JAKARTA SELATAN,2024-09-23,21,2080394,1.009,moderately_safe
31.74,KOTA ADM. JAKARTA SELATAN,2024-09-30,31,2080394,1.49,moderately_safe
31.74,KOTA ADM. JAKARTA SELATAN,2024-10-07,24,2080394,1.154,moderately_safe
31.74,KOTA ADM. JAKARTA SELATAN,2024-10-14,24,2080394,1.154,moderately_safe
31.74,KOTA ADM. JAKARTA SELATAN,2024-10-21,19,2080394,0.913,moderately_safe
31.74,KOTA ADM. JAKARTA SELATAN,2024-10-28,32,2080394,1.538,moderately_safe
31.74,KOTA ADM. JAKARTA SELATAN,2024-11-04,24,2080394,1.154,moderately_safe
31.74,KOTA ADM. JAKARTA SELATAN,2024-11-11,28,2080394,1.346,moderately_safe
31.74,KOTA ADM. JAKARTA SELATAN,2024-11-18,13,2080394,0.625,safe
31.74,KOTA ADM. JAKARTA SELATAN,2024-11-25,25,2080394,1.202,moderately_safe
31.74,KOTA ADM. JAKARTA SELATAN,2024-12-02,23,2080394,1.106,moderately_safe
31.74,KOTA ADM. JAKARTA SELATAN,2024-12-09,20,2080394,0.961,moderately_safe
31.74,KOTA ADM. JAKARTA SELATAN,2024-12-16,15,2080394,0.721,safe
31.74,KOTA ADM. JAKARTA SELATAN,2024-12-23,22,2080394,1.057,moderately_safe
31.74,KOTA ADM. JAKARTA SELATAN,2024-12-30,24,2080394,1.154,moderately_safe
31.74,KOTA ADM. JAKARTA SELATAN,2025-01-06,22,2080394,1.057,moderately_safe
31.74,KOTA ADM. JAKARTA SELATAN,2025-01-13,20,2080394,0.961,moderately_safe
31.74,KOTA ADM. JAKARTA SELATAN,2025-01-20,24,2080394,1.154,moderately_safe
31.74,KOTA ADM. JAKARTA SELATAN,2025-01-27,18,2080394,0.865,moderately_safe
31.74,KOTA ADM. JAKARTA SELATAN,2025-02-03,18,2080394,0.865,moderately_safe
31.74,KOTA ADM. JAKARTA SELATAN,2025-02-10,14,2080394,0.673,safe
31.74,KOTA ADM. JAKARTA SELATAN,2025-02-17,18,2080394,0.865,moderately_safe
31.74,KOTA ADM. JAKARTA SELATAN,2025-02-24,14,2080394,0.673,safe
31.74,KOTA ADM. JAKARTA SELATAN,2025-03-03,11,2080394,0.529,safe
31.74,KOTA ADM. JAKARTA SELATAN,2025-03-10,16,2080394,0.769,moderately_safe
31.74,KOTA ADM. JAKARTA SELATAN,2025-03-17,12,2080394,0.577,safe
31.74,KOTA ADM. JAKARTA SELATAN,2025-03-24,12,2080394,0.577,safe
31.74,KOTA ADM. JAKARTA SELATAN,2025-03-31,5,2080394,0.24,safe
31.74,KOTA ADM. JAKARTA SELATAN,2025-04-07,11,2080394,0.529,safe
31.74,KOTA ADM. JAKARTA SELATAN,2025-04-14,5,2080394,0.24,safe
31.74,KOTA ADM. JAKARTA SELATAN,2025-04-21,7,2080394,0.336,safe
31.74,KOTA ADM. JAKARTA SELATAN,2025-04-28,9,2080394,0.433,safe
31.74,KOTA ADM. JAKARTA SELATAN,2025-05-05,7,2080394,0.336,safe
31.74,KOTA ADM. JAKARTA SELATAN,2025-05-12,6,2080394,0.288,safe
31.74,KOTA ADM. JAKARTA SELATAN,2025-05-19,8,2080394,0.385,safe
31.74,KOTA ADM. JAKARTA SELATAN,2025-05-26,15,2080394,0.721,safe
31.74,KOTA ADM. JAKARTA SELATAN,2025-06-02,7,2080394,0.336,safe
31.74,KOTA ADM. JAKARTA SELATAN,2025-06-09,8,2080394,0.385,safe
31.74,KOTA ADM. JAKARTA SELATAN,2025-06-16,6,2080394,0.288,safe
31.74,KOTA ADM. JAKARTA SELATAN,2025-06-23,11,2080394,0.529,safe
31.74,KOTA ADM. JAKARTA SELATAN,2025-06-30,7,2080394,0.336,safe
31.74,KOTA ADM. JAKARTA SELATAN,2025-07-07,12,2080394,0.577,safe
31.74,KOTA ADM. JAKARTA SELATAN,2025-07-14,13,2080394,0.625,safe
31.74,KOTA ADM. JAKARTA SELATAN,2025-07-21,8,2080394,0.385,safe
31.74,KOTA ADM. JAKARTA SELATAN,2025-07-28,16,2080394,0.769,moderately_safe
31.74,KOTA ADM. JAKARTA SELATAN,2025-08-04,10,2080394,0.481,safe
31.74,KOTA ADM. JAKARTA SELATAN,2025-08-11,13,2080394,0.625,safe
31.75,KOTA ADM. JAKARTA TIMUR,2024-08-19,21,2238961,0.938,moderately_safe
31.75,KOTA ADM. JAKARTA TIMUR,2024-08-26,14,2238961,0.625,safe
31.75,KOTA ADM. JAKARTA TIMUR,2024-09-02,16,2238961,0.715,safe
31.75,KOTA ADM. JAKARTA TIMUR,2024-09-09,18,2238961,0.804,moderately_safe
31.75,KOTA ADM. JAKARTA TIMUR,2024-09-16,32,2238961,1.429,moderately_safe
31.75,KOTA ADM. JAKARTA TIMUR,2024-09-23,28,2238961,1.251,moderately_safe
31.75,KOTA ADM. JAKARTA TIMUR,2024-09-30,21,2238961,0.938,moderately_safe
31.75,KOTA ADM. JAKARTA TIMUR,2024-10-07,28,2238961,1.251,moderately_safe
31.75,KOTA ADM. JAKARTA TIMUR,2024-10-14,13,2238961,0.581,safe
31.75,KOTA ADM. JAKARTA TIMUR,2024-10-21,24,2238961,1.072,moderately_safe
31.75,KOTA ADM. JAKARTA TIMUR,2024-10-28,15,2238961,0.67,safe
31.75,KOTA ADM. JAKARTA TIMUR,2024-11-04,26,2238961,1.161,moderately_safe
31.75,KOTA ADM. JAKARTA TIMUR,2024-11-11,19,2238961,0.849,moderately_safe
31.75,KOTA ADM. JAKARTA TIMUR,2024-11-18,19,2238961,0.849,moderately_safe
31.75,KOTA ADM. JAKARTA TIMUR,2024-11-25,19,2238961,0.849,moderately_safe
31.75,KOTA ADM. JAKARTA TIMUR,2024-12-02,21,2238961,0.938,moderately_safe
31.75,KOTA ADM. JAKARTA TIMUR,2024-12-09,22,2238961,0.983,moderately_safe
31.75,KOTA ADM. JAKARTA TIMUR,2024-12-16,19,2238961,0.849,moderately_safe
31.75,KOTA ADM. JAKARTA TIMUR,2024-12-23,21,2238961,0.938,moderately_safe
31.75,KOTA ADM. JAKARTA TIMUR,2024-12-30,19,2238961,0.849,moderately_safe
31.75,KOTA ADM. JAKARTA TIMUR,2025-01-06,8,2238961,0.357,safe
31.75,KOTA ADM. JAKARTA TIMUR,2025-01-13,20,2238961,0.893,moderately_safe
31.75,KOTA ADM. JAKARTA TIMUR,2025-01-20,20,2238961,0.893,moderately_safe
31.75,KOTA ADM. JAKARTA TIMUR,2025-01-27,16,2238961,0.715,safe
31.75,KOTA ADM. JAKARTA TIMUR,2025-02-03,22,2238961,0.983,moderately_safe
31.75,KOTA ADM. JAKARTA TIMUR,2025-02-10,6,2238961,0.268,safe
31.75,KOTA ADM. JAKARTA TIMUR,2025-02-17,20,2238961,0.893,moderately_safe
31.75,KOTA ADM. JAKARTA TIMUR,2025-02-24,12,2238961,0.536,safe
31.75,KOTA ADM. JAKARTA TIMUR,2025-03-03,7,2238961,0.313,safe
31.75,KOTA ADM. JAKARTA TIMUR,2025-03-10,7,2238961,0.313,safe
31.75,KOTA ADM. JAKARTA TIMUR,2025-03-17,13,2238961,0.581,safe
31.75,KOTA ADM. JAKARTA TIMUR,2025-03-24,6,2238961,0.268,safe
31.75,KOTA ADM. JAKARTA TIMUR,2025-03-31,11,2238961,0.491,safe
31.75,KOTA ADM. JAKARTA TIMUR,2025-04-07,6,2238961,0.268,safe
31.75,KOTA ADM. JAKARTA TIMUR,2025-04-14,6,2238961,0.268,safe
31.75,KOTA ADM. JAKARTA TIMUR,2025-04-21,5,2238961,0.223,safe
31.75,KOTA ADM. JAKARTA TIMUR,2025-04-28,7,2238961,0.313,safe
31.75,KOTA ADM. JAKARTA TIMUR,2025-05-05,5,2238961,0.223,safe
31.75,KOTA ADM. JAKARTA TIMUR,2025-05-12,11,2238961,0.491,safe
31.75,KOTA ADM. JAKARTA TIMUR,2025-05-19,3,2238961,0.134,safe
31.75,KOTA ADM. JAKARTA TIMUR,2025-05-26,15,2238961,0.67,safe
31.75,KOTA ADM. JAKARTA TIMUR,2025-06-02,10,2238961,0.447,safe
31.75,KOTA ADM. JAKARTA TIMUR,2025-06-09,9,2238961,0.402,safe
31.75,KOTA ADM. JAKARTA TIMUR,2025-06-16,10,2238961,0.447,safe
31.75,KOTA ADM. JAKARTA TIMUR,2025-06-23,9,2238961,0.402,safe
31.75,KOTA ADM. JAKARTA TIMUR,2025-06-30,5,2238961,0.223,safe
31.75,KOTA ADM. JAKARTA TIMUR,2025-07-07,8,2238961,0.357,safe
31.75,KOTA ADM. JAKARTA TIMUR,2025-07-14,14,2238961,0.625,safe
31.75,KOTA ADM. JAKARTA TIMUR,2025-07-21,8,2238961,0.357,safe
31.75,KOTA ADM. JAKARTA TIMUR,2025-07-28,11,2238961,0.491,safe
31.75,KOTA ADM. JAKARTA TIMUR,2025-08-04,16,2238961,0.715,safe
31.75,KOTA ADM. JAKARTA TIMUR,2025-08-11,17,2238961,0.759,moderately_safe
51.01,KAB. JEMBRANA,2024-08-19,10,1652792,0.605,safe
51.01,KAB. JEMBRANA,2024-08-26,13,1652792,0.787,moderately_safe
51.01,KAB. JEMBRANA,2024-09-02,4,1652792,0.242,safe
51.01,KAB. JEMBRANA,2024-09-09,12,1652792,0.726,safe
51.01,KAB. JEMBRANA,2024-09-16,8,1652792,0.484,safe
51.01,KAB. JEMBRANA,2024-09-23,19,1652792,1.15,moderately_safe
51.01,KAB. JEMBRANA,2024-09-30,14,1652792,0.847,moderately_safe
51.01,KAB. JEMBRANA,2024-10-07,10,1652792,0.605,safe
51.01,KAB. JEMBRANA,2024-10-14,24,1652792,1.452,moderately_safe
51.01,KAB. JEMBRANA,2024-10-21,13,1652792,0.787,moderately_safe
51.01,KAB. JEMBRANA,2024-10-28,15,1652792,0.908,moderately_safe
51.01,KAB. JEMBRANA,2024-11-04,7,1652792,0.424,safe
51.01,KAB. JEMBRANA,2024-11-11,10,1652792,0.605,safe
51.01,KAB. JEMBRANA,2024-11-18,11,1652792,0.666,safe
51.01,KAB. JEMBRANA,2024-11-25,10,1652792,0.605,safe
51.01,KAB. JEMBRANA,2024-12-02,15,1652792,0.908,moderately_safe
51.01,KAB. JEMBRANA,2024-12-09,17,1652792,1.029,moderately_safe
51.01,KAB. JEMBRANA,2024-12-16,19,1652792,1.15,moderately_safe
51.01,KAB. JEMBRANA,2024-12-23,11,1652792,0.666,safe
51.01,KAB. JEMBRANA,2024-12-30,12,1652792,0.726,safe
51.01,KAB. JEMBRANA,2025-01-06,10,1652792,0.605,safe
51.01,KAB. JEMBRANA,2025-01-13,16,1652792,0.968,moderately_safe
51.01,KAB. JEMBRANA,2025-01-20,11,1652792,0.666,safe
51.01,KAB. JEMBRANA,2025-01-27,11,1652792,0.666,safe
51.01,KAB. JEMBRANA,2025-02-03,15,1652792,0.908,moderately_safe
51.01,KAB. JEMBRANA,2025-02-10,9,1652792,0.545,safe
51.01,KAB. JEMBRANA,2025-02-17,11,1652792,0.666,safe
51.01,KAB. JEMBRANA,2025-02-24,10,1652792,0.605,safe
51.01,KAB. JEMBRANA,2025-03-03,7,1652792,0.424,safe
51.01,KAB. JEMBRANA,2025-03-10,9,1652792,0.545,safe
51.01,KAB. JEMBRANA,2025-03-17,3,1652792,0.182,safe
51.01,KAB. JEMBRANA,2025-03-24,7,1652792,0.424,safe
51.01,KAB. JEMBRANA,2025-03-31,9,1652792,0.545,safe
51.01,KAB. JEMBRANA,2025-04-07,12,1652792,0.726,safe
51.01,KAB. JEMBRANA,2025-04-14,13,1652792,0.787,moderately_safe
51.01,KAB. JEMBRANA,2025-04-21,9,1652792,0.545,safe
51.01,KAB. JEMBRANA,2025-04-28,2,1652792,0.121,safe
51.01,KAB. JEMBRANA,2025-05-05,3,1652792,0.182,safe
51.01,KAB. JEMBRANA,2025-05-12,8,1652792,0.484,safe
51.01,KAB. JEMBRANA,2025-05-19,4,1652792,0.242,safe
51.01,KAB. JEMBRANA,2025-05-26,6,1652792,0.363,safe
51.01,KAB. JEMBRANA,2025-06-02,5,1652792,0.303,safe
51.01,KAB. JEMBRANA,2025-06-09,5,1652792,0.303,safe
51.01,KAB. JEMBRANA,2025-06-16,9,1652792,0.545,safe
51.01,KAB. JEMBRANA,2025-06-23,3,1652792,0.182,safe
51.01,KAB. JEMBRANA,2025-06-30,8,1652792,0.484,safe
51.01,KAB. JEMBRANA,2025-07-07,5,1652792,0.303,safe
51.01,KAB. JEMBRANA,2025-07-14,10,1652792,0.605,safe
51.01,KAB. JEMBRANA,2025-07-21,12,1652792,0.726,safe
51.01,KAB. JEMBRANA,2025-07-28,11,1652792,0.666,safe
51.01,KAB. JEMBRANA,2025-08-04,3,1652792,0.182,safe
51.01,KAB. JEMBRANA,2025-08-11,8,1652792,0.484,safe
51.02,KAB. TABANAN,2024-08-19,10,983212,1.017,moderately_safe
51.02,KAB. TABANAN,2024-08-26,13,983212,1.322,moderately_safe
51.02,KAB. TABANAN,2024-09-02,10,983212,1.017,moderately_safe
51.02,KAB. TABANAN,2024-09-09,14,983212,1.424,moderately_safe
51.02,KAB. TABANAN,2024-09-16,17,983212,1.729,moderately_safe
51.02,KAB. TABANAN,2024-09-23,20,983212,2.034,moderately_safe
51.02,KAB. TABANAN,2024-09-30,12,983212,1.22,moderately_safe
51.02,KAB. TABANAN,2024-10-07,21,983212,2.136,moderately_safe
51.02,KAB. TABANAN,2024-10-14,18,983212,1.831,moderately_safe
51.02,KAB. TABANAN,2024-10-21,14,983212,1.424,moderately_safe
51.02,KAB. TABANAN,2024-10-28,11,983212,1.119,moderately_safe
51.02,KAB. TABANAN,2024-11-04,20,983212,2.034,moderately_safe
51.02,KAB. TABANAN,2024-11-11,13,983212,1.322,moderately_safe
51.02,KAB. TABANAN,2024-11-18,17,983212,1.729,moderately_safe
51.02,KAB. TABANAN,2024-11-25,18,983212,1.831,moderately_safe
51.02,KAB. TABANAN,2024-12-02,8,983212,0.814,moderately_safe
51.02,KAB. TABANAN,2024-12-09,15,983212,1.526,moderately_safe
51.02,KAB. TABANAN,2024-12-16,16,983212,1.627,moderately_safe
51.02,KAB. TABANAN,2024-12-23,14,983212,1.424,moderately_safe
51.02,KAB. TABANAN,2024-12-30,13,983212,1.322,moderately_safe
51.02,KAB. TABANAN,2025-01-06,11,983212,1.119,moderately_safe
51.02,KAB. TABANAN,2025-01-13,14,983212,1.424,moderately_safe
51.02,KAB. TABANAN,2025-01-20,9,983212,0.915,moderately_safe
51.02,KAB. TABANAN,2025-01-27,13,983212,1.322,moderately_safe
51.02,KAB. TABANAN,2025-02-03,17,983212,1.729,moderately_safe
51.02,KAB. TABANAN,2025-02-10,10,983212,1.017,moderately_safe
51.02,KAB. TABANAN,2025-02-17,10,983212,1.017,moderately_safe
51.02,KAB. TABANAN,2025-02-24,15,983212,1.526,moderately_safe
51.02,KAB. TABANAN,2025-03-03,11,983212,1.119,moderately_safe
51.02,KAB. TABANAN,2025-03-10,9,983212,0.915,moderately_safe
51.02,KAB. TABANAN,2025-03-17,4,983212,0.407,safe
51.02,KAB. TABANAN,2025-03-24,6,983212,0.61,safe
51.02,KAB. TABANAN,2025-03-31,8,983212,0.814,moderately_safe
51.02,KAB. TABANAN,2025-04-07,14,983212,1.424,moderately_safe
51.02,KAB. TABANAN,2025-04-14,5,983212,0.509,safe
51.02,KAB. TABANAN,2025-04-21,10,983212,1.017,moderately_safe
51.02,KAB. TABANAN,2025-04-28,3,983212,0.305,safe
51.02,KAB. TABANAN,2025-05-05,8,983212,0.814,moderately_safe
51.02,KAB. TABANAN,2025-05-12,2,983212,0.203,safe
51.02,KAB. TABANAN,2025-05-19,2,983212,0.203,safe
51.02,KAB. TABANAN,2025-05-26,6,983212,0.61,safe
51.02,KAB. TABANAN,2025-06-02,8,983212,0.814,moderately_safe
51.02,KAB. TABANAN,2025-06-09,8,983212,0.814,moderately_safe
51.02,KAB. TABANAN,2025-06-16,6,983212,0.61,safe
51.02,KAB. TABANAN,2025-06-23,1,983212,0.102,safe
51.02,KAB. TABANAN,2025-06-30,7,983212,0.712,safe
51.02,KAB. TABANAN,2025-07-07,7,983212,0.712,safe
51.02,KAB. TABANAN,2025-07-14,3,983212,0.305,safe
51.02,KAB. TABANAN,2025-07-21,10,983212,1.017,moderately_safe
51.02,KAB. TABANAN,2025-07-28,3,983212,0.305,safe
51.02,KAB. TABANAN,2025-08-04,20,983212,2.034,moderately_safe
51.02,KAB. TABANAN,2025-08-11,18,983212,1.831,moderately_safe
51.03,KAB. BADUNG,2024-08-19,10,129309,7.733,unsafe
51.03,KAB. BADUNG,2024-08-26,14,129309,10.827,unsafe
51.03,KAB. BADUNG,2024-09-02,6,129309,4.64,unsafe
51.03,KAB. BADUNG,2024-09-09,9,129309,6.96,unsafe
51.03,KAB. BADUNG,2024-09-16,11,129309,8.507,unsafe
51.03,KAB. BADUNG,2024-09-23,17,129309,13.147,unsafe
51.03,KAB. BADUNG,2024-09-30,8,129309,6.187,unsafe
51.03,KAB. BADUNG,2024-10-07,12,129309,9.28,unsafe
51.03,KAB. BADUNG,2024-10-14,13,129309,10.053,unsafe
51.03,KAB. BADUNG,2024-10-21,15,129309,11.6,unsafe
51.03,KAB. BADUNG,2024-10-28,10,129309,7.733,unsafe
51.03,KAB. BADUNG,2024-11-04,14,129309,10.827,unsafe
51.03,KAB. BADUNG,2024-11-11,23,129309,17.787,unsafe
51.03,KAB. BADUNG,2024-11-18,20,129309,15.467,unsafe
51.03,KAB. BADUNG,2024-11-25,15,129309,11.6,unsafe
51.03,KAB. BADUNG,2024-12-02,15,129309,11.6,unsafe
51.03,KAB. BADUNG,2024-12-09,14,129309,10.827,unsafe
51.03,KAB. BADUNG,2024-12-16,15,129309,11.6,unsafe
51.03,KAB. BADUNG,2024-12-23,15,129309,11.6,unsafe
51.03,KAB. BADUNG,2024-12-30,16,129309,12.373,unsafe
51.03,KAB. BADUNG,2025-01-06,8,129309,6.187,unsafe
51.03,KAB. BADUNG,2025-01-13,15,129309,11.6,unsafe
51.03,KAB. BADUNG,2025-01-20,17,129309,13.147,unsafe
51.03,KAB. BADUNG,2025-01-27,11,129309,8.507,unsafe
51.03,KAB. BADUNG,2025-02-03,8,129309,6.187,unsafe
51.03,KAB. BADUNG,2025-02-10,7,129309,5.413,unsafe
51.03,KAB. BADUNG,2025-02-17,12,129309,9.28,unsafe
51.03,KAB. BADUNG,2025-02-24,10,129309,7.733,unsafe
51.03,KAB. BADUNG,2025-03-03,9,129309,6.96,unsafe
51.03,KAB. BADUNG,2025-03-10,5,129309,3.867,unsafe
51.03,KAB. BADUNG,2025-03-17,11,129309,8.507,unsafe
51.03,KAB. BADUNG,2025-03-24,3,129309,2.32,moderately_safe
51.03,KAB. BADUNG,2025-03-31,9,129309,6.96,unsafe
51.03,KAB. BADUNG,2025-04-07,3,129309,2.32,moderately_safe
51.03,KAB. BADUNG,2025-04-14,12,129309,9.28,unsafe
51.03,KAB. BADUNG,2025-04-21,10,129309,7.733,unsafe
51.03,KAB. BADUNG,2025-04-28,2,129309,1.547,moderately_safe
51.03,KAB. BADUNG,2025-05-05,4,129309,3.093,unsafe
51.03,KAB. BADUNG,2025-05-12,7,129309,5.413,unsafe
51.03,KAB. BADUNG,2025-05-19,3,129309,2.32,moderately_safe
51.03,KAB. BADUNG,2025-05-26,5,129309,3.867,unsafe
51.03,KAB. BADUNG,2025-06-02,4,129309,3.093,unsafe
51.03,KAB. BADUNG,2025-06-09,7,129309,5.413,unsafe
51.03,KAB. BADUNG,2025-06-16,5,129309,3.867,unsafe
51.03,KAB. BADUNG,2025-06-23,5,129309,3.867,unsafe
51.03,KAB. BADUNG,2025-06-30,5,129309,3.867,unsafe
51.03,KAB. BADUNG,2025-07-07,5,129309,3.867,unsafe
51.03,KAB. BADUNG,2025-07-14,14,129309,10.827,unsafe
51.03,KAB. BADUNG,2025-07-21,6,129309,4.64,unsafe
51.03,KAB. BADUNG,2025-07-28,7,129309,5.413,unsafe
51.03,KAB. BADUNG,2025-08-04,13,129309,10.053,unsafe
51.03,KAB. BADUNG,2025-08-11,10,129309,7.733,unsafe
51.04,KAB. GIANYAR,2024-08-19,11,1058360,1.039,moderately_safe
51.04,KAB. GIANYAR,2024-08-26,10,1058360,0.945,moderately_safe
51.04,KAB. GIANYAR,2024-09-02,10,1058360,0.945,moderately_safe
51.04,KAB. GIANYAR,2024-09-09,6,1058360,0.567,safe
51.04,KAB. GIANYAR,2024-09-16,9,1058360,0.85,moderately_safe
51.04,KAB. GIANYAR,2024-09-23,15,1058360,1.417,moderately_safe
51.04,KAB. GIANYAR,2024-09-30,17,1058360,1.606,moderately_safe
51.04,KAB. GIANYAR,2024-10-07,14,1058360,1.323,moderately_safe
51.04,KAB. GIANYAR,2024-10-14,16,1058360,1.512,moderately_safe
51.04,KAB. GIANYAR,2024-10-21,12,1058360,1.134,moderately_safe
51.04,KAB. GIANYAR,2024-10-28,20,1058360,1.89,moderately_safe
51.04,KAB. GIANYAR,2024-11-04,17,1058360,1.606,moderately_safe
51.04,KAB. GIANYAR,2024-11-11,21,1058360,1.984,moderately_safe
51.04,KAB. GIANYAR,2024-11-18,21,1058360,1.984,moderately_safe
51.04,KAB. GIANYAR,2024-11-25,17,1058360,1.606,moderately_safe
51.04,KAB. GIANYAR,2024-12-02,15,1058360,1.417,moderately_safe
51.04,KAB. GIANYAR,2024-12-09,15,1058360,1.417,moderately_safe
51.04,KAB. GIANYAR,2024-12-16,17,1058360,1.606,moderately_safe
51.04,KAB. GIANYAR,2024-12-23,15,1058360,1.417,moderately_safe
51.04,KAB. GIANYAR,2024-12-30,10,1058360,0.945,moderately_safe
51.04,KAB. GIANYAR,2025-01-06,18,1058360,1.701,moderately_safe
51.04,KAB. GIANYAR,2025-01-13,11,1058360,1.039,moderately_safe
51.04,KAB. GIANYAR,2025-01-20,7,1058360,0.661,safe
51.04,KAB. GIANYAR,2025-01-27,13,1058360,1.228,moderately_safe
51.04,KAB. GIANYAR,2025-02-03,11,1058360,1.039,moderately_safe
51.04,KAB. GIANYAR,2025-02-10,5,1058360,0.472,safe
51.04,KAB. GIANYAR,2025-02-17,15,1058360,1.417,moderately_safe
51.04,KAB. GIANYAR,2025-02-24,7,1058360,0.661,safe
51.04,KAB. GIANYAR,2025-03-03,7,1058360,0.661,safe
51.04,KAB. GIANYAR,2025-03-10,10,1058360,0.945,moderately_safe
51.04,KAB. GIANYAR,2025-03-17,12,1058360,1.134,moderately_safe
51.04,KAB. GIANYAR,2025-03-24,8,1058360,0.756,moderately_safe
51.04,KAB. GIANYAR,2025-03-31,10,1058360,0.945,moderately_safe
51.04,KAB. GIANYAR,2025-04-07,5,1058360,0.472,safe
51.04,KAB. GIANYAR,2025-04-14,1,1058360,0.094,safe
51.04,KAB. GIANYAR,2025-04-21,2,1058360,0.189,safe
51.04,KAB. GIANYAR,2025-04-28,5,1058360,0.472,safe
51.04,KAB. GIANYAR,2025-05-05,9,1058360,0.85,moderately_safe
51.04,KAB. GIANYAR,2025-05-12,4,1058360,0.378,safe
51.04,KAB. GIANYAR,2025-05-19,4,1058360,0.378,safe
51.04,KAB. GIANYAR,2025-05-26,9,1058360,0.85,moderately_safe
51.04,KAB. GIANYAR,2025-06-02,7,1058360,0.661,safe
51.04,KAB. GIANYAR,2025-06-09,7,1058360,0.661,safe
51.04,KAB. GIANYAR,2025-06-16,3,1058360,0.283,safe
51.04,KAB. GIANYAR,2025-06-23,10,1058360,0.945,moderately_safe
51.04,KAB. GIANYAR,2025-06-30,2,1058360,0.189,safe
51.04,KAB. GIANYAR,2025-07-07,10,1058360,0.945,moderately_safe
51.04,KAB. GIANYAR,2025-07-14,3,1058360,0.283,safe
51.04,KAB. GIANYAR,2025-07-21,6,1058360,0.567,safe
51.04,KAB. GIANYAR,2025-07-28,2,1058360,0.189,safe
51.04,KAB. GIANYAR,2025-08-04,6,1058360,0.567,safe
51.04,KAB. GIANYAR,2025-08-11,14,1058360,1.323,moderately_safe
51.05,KAB. KLUNGKUNG,2024-08-19,20,1765387,1.133,moderately_safe
51.05,KAB. KLUNGKUNG,2024-08-26,9,1765387,0.51,safe
51.05,KAB. KLUNGKUNG,2024-09-02,4,1765387,0.227,safe
51.05,KAB. KLUNGKUNG,2024-09-09,15,1765387,0.85,moderately_safe
51.05,KAB. KLUNGKUNG,2024-09-16,12,1765387,0.68,safe
51.05,KAB. KLUNGKUNG,2024-09-23,12,1765387,0.68,safe
51.05,KAB. KLUNGKUNG,2024-09-30,21,1765387,1.19,moderately_safe
51.05,KAB. KLUNGKUNG,2024-10-07,6,1765387,0.34,safe
51.05,KAB. KLUNGKUNG,2024-10-14,12,1765387,0.68,safe
51.05,KAB. KLUNGKUNG,2024-10-21,16,1765387,0.906,moderately_safe
51.05,KAB. KLUNGKUNG,2024-10-28,15,1765387,0.85,moderately_safe
51.05,KAB. KLUNGKUNG,2024-11-04,20,1765387,1.133,moderately_safe
51.05,KAB. KLUNGKUNG,2024-11-11,16,1765387,0.906,moderately_safe
51.05,KAB. KLUNGKUNG,2024-11-18,14,1765387,0.793,moderately_safe
51.05,KAB. KLUNGKUNG,2024-11-25,17,1765387,0.963,moderately_safe
51.05,KAB. KLUNGKUNG,2024-12-02,6,1765387,0.34,safe
51.05,KAB. KLUNGKUNG,2024-12-09,10,1765387,0.566,safe
51.05,KAB. KLUNGKUNG,2024-12-16,20,1765387,1.133,moderately_safe
51.05,KAB. KLUNGKUNG,2024-12-23,18,1765387,1.02,moderately_safe
51.05,KAB. KLUNGKUNG,2024-12-30,13,1765387,0.736,safe
51.05,KAB. KLUNGKUNG,2025-01-06,5,1765387,0.283,safe
51.05,KAB. KLUNGKUNG,2025-01-13,9,1765387,0.51,safe
51.05,KAB. KLUNGKUNG,2025-01-20,15,1765387,0.85,moderately_safe
51.05,KAB. KLUNGKUNG,2025-01-27,13,1765387,0.736,safe
51.05,KAB. KLUNGKUNG,2025-02-03,13,1765387,0.736,safe
51.05,KAB. KLUNGKUNG,2025-02-10,7,1765387,0.397,safe
51.05,KAB. KLUNGKUNG,2025-02-17,10,1765387,0.566,safe
51.05,KAB. KLUNGKUNG,2025-02-24,5,1765387,0.283,safe
51.05,KAB. KLUNGKUNG,2025-03-03,14,1765387,0.793,moderately_safe
51.05,KAB. KLUNGKUNG,2025-03-10,9,1765387,0.51,safe
51.05,KAB. KLUNGKUNG,2025-03-17,15,1765387,0.85,moderately_safe
51.05,KAB. KLUNGKUNG,2025-03-24,4,1765387,0.227,safe
51.05,KAB. KLUNGKUNG,2025-03-31,3,1765387,0.17,safe
51.05,KAB. KLUNGKUNG,2025-04-07,5,1765387,0.283,safe
51.05,KAB. KLUNGKUNG,2025-04-14,6,1765387,0.34,safe
51.05,KAB. KLUNGKUNG,2025-04-21,7,1765387,0.397,safe
51.05,KAB. KLUNGKUNG,2025-04-28,8,1765387,0.453,safe
51.05,KAB. KLUNGKUNG,2025-05-05,8,1765387,0.453,safe
51.05,KAB. KLUNGKUNG,2025-05-12,6,1765387,0.34,safe
51.05,KAB. KLUNGKUNG,2025-05-19,8,1765387,0.453,safe
51.05,KAB. KLUNGKUNG,2025-05-26,3,1765387,0.17,safe
51.05,KAB. KLUNGKUNG,2025-06-02,8,1765387,0.453,safe
51.05,KAB. KLUNGKUNG,2025-06-09,3,1765387,0.17,safe
51.05,KAB. KLUNGKUNG,2025-06-16,7,1765387,0.397,safe
51.05,KAB. KLUNGKUNG,2025-06-23,11,1765387,0.623,safe
51.05,KAB. KLUNGKUNG,2025-06-30,4,1765387,0.227,safe
51.05,KAB. KLUNGKUNG,2025-07-07,2,1765387,0.113,safe
51.05,KAB. KLUNGKUNG,2025-07-14,7,1765387,0.397,safe
51.05,KAB. KLUNGKUNG,2025-07-21,5,1765387,0.283,safe
51.05,KAB. KLUNGKUNG,2025-07-28,8,1765387,0.453,safe
51.05,KAB. KLUNGKUNG,2025-08-04,12,1765387,0.68,safe
51.05,KAB. KLUNGKUNG,2025-08-11,10,1765387,0.566,safe
51.06,KAB. BANGLI,2024-08-19,5,2056779,0.243,safe
51.06,KAB. BANGLI,2024-08-26,9,2056779,0.438,safe
51.06,KAB. BANGLI,2024-09-02,5,2056779,0.243,safe
51.06,KAB. BANGLI,2024-09-09,13,2056779,0.632,safe
51.06,KAB. BANGLI,2024-09-16,13,2056779,0.632,safe
51.06,KAB. BANGLI,2024-09-23,8,2056779,0.389,safe
51.06,KAB. BANGLI,2024-09-30,18,2056779,0.875,moderately_safe
51.06,KAB. BANGLI,2024-10-07,16,2056779,0.778,moderately_safe
51.06,KAB. BANGLI,2024-10-14,14,2056779,0.681,safe
51.06,KAB. BANGLI,2024-10-21,20,2056779,0.972,moderately_safe
51.06,KAB. BANGLI,2024-10-28,22,2056779,1.07,moderately_safe
51.06,KAB. BANGLI,2024-11-04,5,2056779,0.243,safe
51.06,KAB. BANGLI,2024-11-11,14,2056779,0.681,safe
51.06,KAB. BANGLI,2024-11-18,17,2056779,0.827,moderately_safe
51.06,KAB. BANGLI,2024-11-25,18,2056779,0.875,moderately_safe
51.06,KAB. BANGLI,2024-12-02,21,2056779,1.021,moderately_safe
51.06,KAB. BANGLI,2024-12-09,19,2056779,0.924,moderately_safe
51.06,KAB. BANGLI,2024-12-16,21,2056779,1.021,moderately_safe
51.06,KAB. BANGLI,2024-12-23,13,2056779,0.632,safe
51.06,KAB. BANGLI,2024-12-30,21,2056779,1.021,moderately_safe
51.06,KAB. BANGLI,2025-01-06,17,2056779,0.827,moderately_safe
51.06,KAB. BANGLI,2025-01-13,15,2056779,0.729,safe
51.06,KAB. BANGLI,2025-01-20,11,2056779,0.535,safe
51.06,KAB. BANGLI,2025-01-27,6,2056779,0.292,safe
51.06,KAB. BANGLI,2025-02-03,19,2056779,0.924,moderately_safe
51.06,KAB. BANGLI,2025-02-10,17,2056779,0.827,moderately_safe
51.06,KAB. BANGLI,2025-02-17,15,2056779,0.729,safe
51.06,KAB. BANGLI,2025-02-24,10,2056779,0.486,safe
51.06,KAB. BANGLI,2025-03-03,9,2056779,0.438,safe
51.06,KAB. BANGLI,2025-03-10,8,2056779,0.389,safe
51.06,KAB. BANGLI,2025-03-17,5,2056779,0.243,safe
51.06,KAB. BANGLI,2025-03-24,4,2056779,0.194,safe
51.06,KAB. BANGLI,2025-03-31,9,2056779,0.438,safe
51.06,KAB. BANGLI,2025-04-07,7,2056779,0.34,safe
51.06,KAB. BANGLI,2025-04-14,10,2056779,0.486,safe
51.06,KAB. BANGLI,2025-04-21,7,2056779,0.34,safe
51.06,KAB. BANGLI,2025-04-28,4,2056779,0.194,safe
51.06,KAB. BANGLI,2025-05-05,4,2056779,0.194,safe
51.06,KAB. BANGLI,2025-05-12,3,2056779,0.146,safe
51.06,KAB. BANGLI,2025-05-19,5,2056779,0.243,safe
51.06,KAB. BANGLI,2025-05-26,4,2056779,0.194,safe
51.06,KAB. BANGLI,2025-06-02,7,2056779,0.34,safe
51.06,KAB. BANGLI,2025-06-09,7,2056779,0.34,safe
51.06,KAB. BANGLI,2025-06-16,10,2056779,0.486,safe
51.06,KAB. BANGLI,2025-06-23,6,2056779,0.292,safe
51.06,KAB. BANGLI,2025-06-30,4,2056779,0.194,safe
51.06,KAB. BANGLI,2025-07-07,10,2056779,0.486,safe
51.06,KAB. BANGLI,2025-07-14,8,2056779,0.389,safe
51.06,KAB. BANGLI,2025-07-21,6,2056779,0.292,safe
51.06,KAB. BANGLI,2025-07-28,7,2056779,0.34,safe
51.06,KAB. BANGLI,2025-08-04,10,2056779,0.486,safe
51.06,KAB. BANGLI,2025-08-11,16,2056779,0.778,moderately_safe
51.07,KAB. KARANGASEM,2024-08-19,9,1243400,0.724,safe
51.07,KAB. KARANGASEM,2024-08-26,10,1243400,0.804,moderately_safe
51.07,KAB. KARANGASEM,2024-09-02,7,1243400,0.563,safe
51.07,KAB. KARANGASEM,2024-09-09,22,1243400,1.769,moderately_safe
51.07,KAB. KARANGASEM,2024-09-16,15,1243400,1.206,moderately_safe
51.07,KAB. KARANGASEM,2024-09-23,10,1243400,0.804,moderately_safe
51.07,KAB. KARANGASEM,2024-09-30,19,1243400,1.528,moderately_safe
51.07,KAB. KARANGASEM,2024-10-07,11,1243400,0.885,moderately_safe
51.07,KAB. KARANGASEM,2024-10-14,13,1243400,1.046,moderately_safe
51.07,KAB. KARANGASEM,2024-10-21,10,1243400,0.804,moderately_safe
51.07,KAB. KARANGASEM,2024-10-28,16,1243400,1.287,moderately_safe
51.07,KAB. KARANGASEM,2024-11-04,18,1243400,1.448,moderately_safe
51.07,KAB. KARANGASEM,2024-11-11,18,1243400,1.448,moderately_safe
51.07,KAB. KARANGASEM,2024-11-18,10,1243400,0.804,moderately_safe
51.07,KAB. KARANGASEM,2024-11-25,13,1243400,1.046,moderately_safe
51.07,KAB. KARANGASEM,2024-12-02,21,1243400,1.689,moderately_safe
51.07,KAB. KARANGASEM,2024-12-09,18,1243400,1.448,moderately_safe
51.07,KAB. KARANGASEM,2024-12-16,19,1243400,1.528,moderately_safe
51.07,KAB. KARANGASEM,2024-12-23,12,1243400,0.965,moderately_safe
51.07,KAB. KARANGASEM,2024-12-30,17,1243400,1.367,moderately_safe
51.07,KAB. KARANGASEM,2025-01-06,9,1243400,0.724,safe
51.07,KAB. KARANGASEM,2025-01-13,10,1243400,0.804,moderately_safe
51.07,KAB. KARANGASEM,2025-01-20,14,1243400,1.126,moderately_safe
51.07,KAB. KARANGASEM,2025-01-27,14,1243400,1.126,moderately_safe
51.07,KAB. KARANGASEM,2025-02-03,11,1243400,0.885,moderately_safe
51.07,KAB. KARANGASEM,2025-02-10,11,1243400,0.885,moderately_safe
51.07,KAB. KARANGASEM,2025-02-17,8,1243400,0.643,safe
51.07,KAB. KARANGASEM,2025-02-24,16,1243400,1.287,moderately_safe
51.07,KAB. KARANGASEM,2025-03-03,9,1243400,0.724,safe
51.07,KAB. KARANGASEM,2025-03-10,13,1243400,1.046,moderately_safe
51.07,KAB. KARANGASEM,2025-03-17,1,1243400,0.08,safe
51.07,KAB. KARANGASEM,2025-03-24,13,1243400,1.046,moderately_safe
51.07,KAB. KARANGASEM,2025-03-31,5,1243400,0.402,safe
51.07,KAB. KARANGASEM,2025-04-07,5,1243400,0.402,safe
51.07,KAB. KARANGASEM,2025-04-14,8,1243400,0.643,safe
51.07,KAB. KARANGASEM,2025-04-21,2,1243400,0.161,safe
51.07,KAB. KARANGASEM,2025-04-28,5,1243400,0.402,safe
51.07,KAB. KARANGASEM,2025-05-05,10,1243400,0.804,moderately_safe
51.07,KAB. KARANGASEM,2025-05-12,5,1243400,0.402,safe
51.07,KAB. KARANGASEM,2025-05-19,5,1243400,0.402,safe
51.07,KAB. KARANGASEM,2025-05-26,4,1243400,0.322,safe
51.07,KAB. KARANGASEM,2025-06-02,3,1243400,0.241,safe
51.07,KAB. KARANGASEM,2025-06-09,5,1243400,0.402,safe
51.07,KAB. KARANGASEM,2025-06-16,3,1243400,0.241,safe
51.07,KAB. KARANGASEM,2025-06-23,4,1243400,0.322,safe
51.07,KAB. KARANGASEM,2025-06-30,18,1243400,1.448,moderately_safe
51.07,KAB. KARANGASEM,2025-07-07,1,1243400,0.08,safe
51.07,KAB. KARANGASEM,2025-07-14,8,1243400,0.643,safe
51.07,KAB. KARANGASEM,2025-07-21,8,1243400,0.643,safe
51.07,KAB. KARANGASEM,2025-07-28,9,1243400,0.724,safe
51.07,KAB. KARANGASEM,2025-08-04,10,1243400,0.804,moderately_safe
51.07,KAB. KARANGASEM,2025-08-11,5,1243400,0.402,safe
51.08,KAB. BULELENG,2024-08-19,5,1637223,0.305,safe
51.08,KAB. BULELENG,2024-08-26,13,1637223,0.794,moderately_safe
51.08,KAB. BULELENG,2024-09-02,12,1637223,0.733,safe
51.08,KAB. BULELENG,2024-09-09,9,1637223,0.55,safe
51.08,KAB. BULELENG,2024-09-16,9,1637223,0.55,safe
51.08,KAB. BULELENG,2024-09-23,6,1637223,0.366,safe
51.08,KAB. BULELENG,2024-09-30,14,1637223,0.855,moderately_safe
51.08,KAB. BULELENG,2024-10-07,13,1637223,0.794,moderately_safe
51.08,KAB. BULELENG,2024-10-14,12,1637223,0.733,safe
51.08,KAB. BULELENG,2024-10-21,21,1637223,1.283,moderately_safe
51.08,KAB. BULELENG,2024-10-28,17,1637223,1.038,moderately_safe
51.08,KAB. BULELENG,2024-11-04,17,1637223,1.038,moderately_safe
51.08,KAB. BULELENG,2024-11-11,14,1637223,0.855,moderately_safe
51.08,KAB. BULELENG,2024-11-18,11,1637223,0.672,safe
51.08,KAB. BULELENG,2024-11-25,17,1637223,1.038,moderately_safe
51.08,KAB. BULELENG,2024-12-02,20,1637223,1.222,moderately_safe
51.08,KAB. BULELENG,2024-12-09,14,1637223,0.855,moderately_safe
51.08,KAB. BULELENG,2024-12-16,16,1637223,0.977,moderately_safe
51.08,KAB. BULELENG,2024-12-23,12,1637223,0.733,safe
51.08,KAB. BULELENG,2024-12-30,22,1637223,1.344,moderately_safe
51.08,KAB. BULELENG,2025-01-06,14,1637223,0.855,moderately_safe
51.08,KAB. BULELENG,2025-01-13,15,1637223,0.916,moderately_safe
51.08,KAB. BULELENG,2025-01-20,9,1637223,0.55,safe
51.08,KAB. BULELENG,2025-01-27,14,1637223,0.855,moderately_safe
51.08,KAB. BULELENG,2025-02-03,9,1637223,0.55,safe
51.08,KAB. BULELENG,2025-02-10,15,1637223,0.916,moderately_safe
51.08,KAB. BULELENG,2025-02-17,13,1637223,0.794,moderately_safe
51.08,KAB. BULELENG,2025-02-24,4,1637223,0.244,safe
51.08,KAB. BULELENG,2025-03-03,4,1637223,0.244,safe
51.08,KAB. BULELENG,2025-03-10,6,1637223,0.366,safe
51.08,KAB. BULELENG,2025-03-17,5,1637223,0.305,safe
51.08,KAB. BULELENG,2025-03-24,3,1637223,0.183,safe
51.08,KAB. BULELENG,2025-03-31,11,1637223,0.672,safe
51.08,KAB. BULELENG,2025-04-07,14,1637223,0.855,moderately_safe
51.08,KAB. BULELENG,2025-04-14,5,1637223,0.305,safe
51.08,KAB. BULELENG,2025-04-21,13,1637223,0.794,moderately_safe
51.08,KAB. BULELENG,2025-04-28,3,1637223,0.183,safe
51.08,KAB. BULELENG,2025-05-05,6,1637223,0.366,safe
51.08,KAB. BULELENG,2025-05-12,4,1637223,0.244,safe
51.08,KAB. BULELENG,2025-05-19,7,1637223,0.428,safe
51.08,KAB. BULELENG,2025-05-26,1,1637223,0.061,safe
51.08,KAB. BULELENG,2025-06-02,5,1637223,0.305,safe
51.08,KAB. BULELENG,2025-06-09,3,1637223,0.183,safe
51.08,KAB. BULELENG,2025-06-16,4,1637223,0.244,safe
51.08,KAB. BULELENG,2025-06-23,20,1637223,1.222,moderately_safe
51.08,KAB. BULELENG,2025-06-30,5,1637223,0.305,safe
51.08,KAB. BULELENG,2025-07-07,5,1637223,0.305,safe
51.08,KAB. BULELENG,2025-07-14,11,1637223,0.672,safe
51.08,KAB. BULELENG,2025-07-21,7,1637223,0.428,safe
51.08,KAB. BULELENG,2025-07-28,7,1637223,0.428,safe
51.08,KAB. BULELENG,2025-08-04,10,1637223,0.611,safe
51.08,KAB. BULELENG,2025-08-11,8,1637223,0.489,safe
51.71,KOTA DENPASAR,2024-08-19,12,2560421,0.469,safe
51.71,KOTA DENPASAR,2024-08-26,17,2560421,0.664,safe
51.71,KOTA DENPASAR,2024-09-02,14,2560421,0.547,safe
51.71,KOTA DENPASAR,2024-09-09,19,2560421,0.742,safe
51.71,KOTA DENPASAR,2024-09-16,16,2560421,0.625,safe
51.71,KOTA DENPASAR,2024-09-23,17,2560421,0.664,safe
51.71,KOTA DENPASAR,2024-09-30,17,2560421,0.664,safe
51.71,KOTA DENPASAR,2024-10-07,17,2560421,0.664,safe
51.71,KOTA DENPASAR,2024-10-14,19,2560421,0.742,safe
51.71,KOTA DENPASAR,2024-10-21,19,2560421,0.742,safe
51.71,KOTA DENPASAR,2024-10-28,23,2560421,0.898,moderately_safe
51.71,KOTA DENPASAR,2024-11-04,20,2560421,0.781,moderately_safe
51.71,KOTA DENPASAR,2024-11-11,29,2560421,1.133,moderately_safe
51.71,KOTA DENPASAR,2024-11-18,29,2560421,1.133,moderately_safe
51.71,KOTA DENPASAR,2024-11-25,27,2560421,1.055,moderately_safe
51.71,KOTA DENPASAR,2024-12-02,20,2560421,0.781,moderately_safe
51.71,KOTA DENPASAR,2024-12-09,17,2560421,0.664,safe
51.71,KOTA DENPASAR,2024-12-16,18,2560421,0.703,safe
51.71,KOTA DENPASAR,2024-12-23,26,2560421,1.015,moderately_safe
51.71,KOTA DENPASAR,2024-12-30,20,2560421,0.781,moderately_safe
51.71,KOTA DENPASAR,2025-01-06,20,2560421,0.781,moderately_safe
51.71,KOTA DENPASAR,2025-01-13,24,2560421,0.937,moderately_safe
51.71,KOTA DENPASAR,2025-01-20,13,2560421,0.508,safe
51.71,KOTA DENPASAR,2025-01-27,21,2560421,0.82,moderately_safe
51.71,KOTA DENPASAR,2025-02-03,17,2560421,0.664,safe
51.71,KOTA DENPASAR,2025-02-10,14,2560421,0.547,safe
51.71,KOTA DENPASAR,2025-02-17,30,2560421,1.172,moderately_safe
51.71,KOTA DENPASAR,2025-02-24,20,2560421,0.781,moderately_safe
51.71,KOTA DENPASAR,2025-03-03,12,2560421,0.469,safe
51.71,KOTA DENPASAR,2025-03-10,17,2560421,0.664,safe
51.71,KOTA DENPASAR,2025-03-17,5,2560421,0.195,safe
51.71,KOTA DENPASAR,2025-03-24,8,2560421,0.312,safe
51.71,KOTA DENPASAR,2025-03-31,15,2560421,0.586,safe
51.71,KOTA DENPASAR,2025-04-07,11,2560421,0.43,safe
51.71,KOTA DENPASAR,2025-04-14,16,2560421,0.625,safe
51.71,KOTA DENPASAR,2025-04-21,6,2560421,0.234,safe
51.71,KOTA DENPASAR,2025-04-28,7,2560421,0.273,safe
51.71,KOTA DENPASAR,2025-05-05,7,2560421,0.273,safe
51.71,KOTA DENPASAR,2025-05-12,10,2560421,0.391,safe
51.71,KOTA DENPASAR,2025-05-19,12,2560421,0.469,safe
51.71,KOTA DENPASAR,2025-05-26,10,2560421,0.391,safe
51.71,KOTA DENPASAR,2025-06-02,4,2560421,0.156,safe
51.71,KOTA DENPASAR,2025-06-09,6,2560421,0.234,safe
51.71,KOTA DENPASAR,2025-06-16,8,2560421,0.312,safe
51.71,KOTA DENPASAR,2025-06-23,9,2560421,0.352,safe
51.71,KOTA DENPASAR,2025-06-30,14,2560421,0.547,safe
51.71,KOTA DENPASAR,2025-07-07,13,2560421,0.508,safe
51.71,KOTA DENPASAR,2025-07-14,9,2560421,0.352,safe
51.71,KOTA DENPASAR,2025-07-21,12,2560421,0.469,safe
51.71,KOTA DENPASAR,2025-07-28,15,2560421,0.586,safe
51.71,KOTA DENPASAR,2025-08-04,11,2560421,0.43,safe
51.71,KOTA DENPASAR,2025-08-11,20,2560421,0.781,moderately_safe
